edge_followed_by,edge_follow,username_length,username_has_number,full_name_has_number,full_name_length,is_private,is_joined_recently,has_channel,is_business_account,has_guides,has_external_url,is_fake
-0.03431797207741481,-0.495720717591841,-0.06089494691120214,0.7420132462345592,2.838453484173765,0.12040235937552941,-0.4755563543407302,-0.7501633808972655,0.0,-0.28015074233403564,-0.035444060250416784,-0.25871684190211097,1
-0.06224373083343811,1.9286265062677574,-0.12565590062385207,0.7420132462345592,-0.3523045227183234,-0.22793729103153662,-0.4755563543407302,1.3330429416641303,0.0,-0.28015074233403564,-0.035444060250416784,-0.25871684190211097,1
-0.06224373083343811,-0.5095543679419671,-0.07708518533936462,-1.3476848359171851,-0.3523045227183234,-0.22793729103153662,-0.4755563543407302,-0.7501633808972655,0.0,-0.28015074233403564,-0.035444060250416784,-0.25871684190211097,1
-0.06224373083343811,1.994336345430857,-0.10946566219568958,0.7420132462345592,-0.3523045227183234,-0.22793729103153662,-0.4755563543407302,-0.7501633808972655,0.0,-0.28015074233403564,-0.035444060250416784,-0.25871684190211097,1
-0.06224373083343811,-0.2743823119898234,-0.0932754237675271,-1.3476848359171851,-0.3523045227183234,0.06681164392828849,2.1028002062685345,-0.7501633808972655,0.0,-0.28015074233403564,-0.035444060250416784,-0.25871684190211097,1
-0.06224373083343811,1.7868315901789653,-0.02851447005487718,0.7420132462345592,-0.3523045227183234,0.0,-0.4755563543407302,1.3330429416641303,0.0,-0.28015074233403564,-0.035444060250416784,-0.25871684190211097,1
-0.06224373083343811,-1.121693395935047,-0.12565590062385207,0.7420132462345592,2.838453484173765,0.013220928481047563,-0.4755563543407302,1.3330429416641303,0.0,-0.28015074233403564,-0.035444060250416784,-0.25871684190211097,1
-0.06224373083343811,1.1055243104352548,-0.02851447005487718,0.7420132462345592,-0.3523045227183234,-0.22793729103153662,-0.4755563543407302,-0.7501633808972655,0.0,-0.28015074233403564,-0.035444060250416784,-0.25871684190211097,1
-0.03431797207741481,1.1435668488981017,-0.12565590062385207,0.7420132462345592,-0.3523045227183234,0.06681164392828849,2.1028002062685345,-0.7501633808972655,0.0,-0.28015074233403564,-0.035444060250416784,-0.25871684190211097,1
-0.06224373083343811,2.0704214223565507,-0.15803637748017701,0.7420132462345592,2.838453484173765,0.013220928481047563,-0.4755563543407302,-0.7501633808972655,0.0,-0.28015074233403564,-0.035444060250416784,-0.25871684190211097,1
-0.06224373083343811,0.17866973697680635,-0.07708518533936462,0.7420132462345592,2.838453484173765,0.013220928481047563,-0.4755563543407302,1.3330429416641303,0.0,-0.28015074233403564,-0.035444060250416784,-0.25871684190211097,1
-0.06224373083343811,-0.8346451511699304,-0.12565590062385207,0.7420132462345592,-0.3523045227183234,-0.12075586013705475,-0.4755563543407302,1.3330429416641303,0.0,-0.28015074233403564,-0.035444060250416784,-0.25871684190211097,1
-0.06224373083343811,0.05762529641320288,-0.12565590062385207,0.7420132462345592,2.838453484173765,0.013220928481047563,-0.4755563543407302,-0.7501633808972655,0.0,-0.28015074233403564,-0.035444060250416784,-0.25871684190211097,1
-0.06224373083343811,0.5556367090177426,-0.02851447005487718,-1.3476848359171851,-0.3523045227183234,-0.22793729103153662,2.1028002062685345,-0.7501633808972655,0.0,-0.28015074233403564,-0.035444060250416784,-0.25871684190211097,1
-0.06224373083343811,1.9286265062677574,-0.14184613905201454,0.7420132462345592,-0.3523045227183234,-0.22793729103153662,-0.4755563543407302,-0.7501633808972655,0.0,-0.28015074233403564,-0.035444060250416784,-0.25871684190211097,1
-0.06224373083343811,1.5585763594018847,-0.10946566219568958,-1.3476848359171851,-0.3523045227183234,-0.22793729103153662,-0.4755563543407302,-0.7501633808972655,0.0,-0.28015074233403564,-0.035444060250416784,-0.25871684190211097,1
-0.06224373083343811,-0.00462613016236443,-0.0932754237675271,-1.3476848359171851,-0.3523045227183234,-0.22793729103153662,2.1028002062685345,-0.7501633808972655,0.0,-0.28015074233403564,-0.035444060250416784,-0.25871684190211097,1
-0.06224373083343811,-1.9198046416654817e-16,-0.06089494691120214,-1.3476848359171851,-0.3523045227183234,-0.06716514468981383,2.1028002062685345,1.3330429416641303,0.0,-0.28015074233403564,-0.035444060250416784,-0.25871684190211097,1
-0.06224373083343811,-0.8277283259948673,-0.06089494691120214,0.7420132462345592,-0.3523045227183234,-0.20114193330791613,-0.4755563543407302,1.3330429416641303,0.0,-0.28015074233403564,-0.035444060250416784,-0.25871684190211097,1
-0.06224373083343811,-1.049066731596885,-0.10946566219568958,0.7420132462345592,-0.3523045227183234,-0.22793729103153662,-0.4755563543407302,1.3330429416641303,0.0,-0.28015074233403564,-0.035444060250416784,-0.25871684190211097,1
-0.03431797207741481,-0.5994730952177867,0.003866006801447779,0.7420132462345592,-0.3523045227183234,-0.22793729103153662,-0.4755563543407302,-0.7501633808972655,0.0,-0.28015074233403564,-0.035444060250416784,-0.25871684190211097,1
-0.006392213321391517,-0.7620184868317684,-0.04470470848303966,-1.3476848359171851,-0.3523045227183234,0.2007884325463908,-0.4755563543407302,-0.7501633808972655,0.0,3.569506872152626,-0.035444060250416784,-0.25871684190211097,1
-0.06224373083343811,1.1158995481978493,-0.06089494691120214,0.7420132462345592,-0.3523045227183234,-0.22793729103153662,2.1028002062685345,-0.7501633808972655,0.0,-0.28015074233403564,-0.035444060250416784,-0.25871684190211097,1
-0.06224373083343811,-0.7170591231938586,-0.07708518533936462,0.7420132462345592,-0.3523045227183234,0.06681164392828849,2.1028002062685345,1.3330429416641303,0.0,-0.28015074233403564,-0.035444060250416784,-0.25871684190211097,1
-0.06224373083343811,-0.92456387844575,-0.0932754237675271,0.7420132462345592,-0.3523045227183234,-0.040369786966193366,2.1028002062685345,1.3330429416641303,0.0,-0.28015074233403564,-0.035444060250416784,-0.25871684190211097,1
-0.06224373083343811,-0.1118369203758418,-0.10946566219568958,0.7420132462345592,-0.3523045227183234,-0.22793729103153662,-0.4755563543407302,1.3330429416641303,0.0,-0.28015074233403564,-0.035444060250416784,-0.25871684190211097,1
0.07738506294667838,-0.7827689623569576,-0.07708518533936462,-1.3476848359171851,-0.3523045227183234,-0.040369786966193366,-0.4755563543407302,-0.7501633808972655,0.0,-0.28015074233403564,-0.035444060250416784,-0.25871684190211097,1
-0.006392213321391517,0.770058289444697,-0.06089494691120214,0.7420132462345592,-0.3523045227183234,-0.12075586013705475,2.1028002062685345,-0.7501633808972655,0.0,-0.28015074233403564,-0.035444060250416784,-0.25871684190211097,1
-0.06224373083343811,0.8599770167205167,-0.04470470848303966,0.7420132462345592,-0.3523045227183234,-0.22793729103153662,-0.4755563543407302,1.3330429416641303,0.0,-0.28015074233403564,-0.035444060250416784,-0.25871684190211097,1
-0.006392213321391517,0.4622595691543914,-0.06089494691120214,0.7420132462345592,-0.3523045227183234,-0.06716514468981383,-0.4755563543407302,-0.7501633808972655,0.0,-0.28015074233403564,-0.035444060250416784,-0.25871684190211097,1
-0.006392213321391517,0.1095014852261758,-0.12565590062385207,0.7420132462345592,-0.3523045227183234,-0.22793729103153662,-0.4755563543407302,-0.7501633808972655,0.0,-0.28015074233403564,-0.035444060250416784,-0.25871684190211097,1
-0.06224373083343811,-0.7966026127070837,-0.07708518533936462,-1.3476848359171851,-0.3523045227183234,-0.09396050241343429,-0.4755563543407302,-0.7501633808972655,0.0,-0.28015074233403564,-0.035444060250416784,3.865229618017538,1
-0.06224373083343811,-0.25709024905216576,-0.14184613905201454,0.7420132462345592,-0.3523045227183234,-0.22793729103153662,-0.4755563543407302,1.3330429416641303,0.0,-0.28015074233403564,-0.035444060250416784,-0.25871684190211097,1
-0.06224373083343811,1.6623287370278303,-0.10946566219568958,0.7420132462345592,-0.3523045227183234,-0.040369786966193366,-0.4755563543407302,-0.7501633808972655,0.0,-0.28015074233403564,-0.035444060250416784,-0.25871684190211097,1
-0.06224373083343811,0.6109713104182467,-0.06089494691120214,-1.3476848359171851,-0.3523045227183234,-0.20114193330791613,2.1028002062685345,-0.7501633808972655,0.0,-0.28015074233403564,-0.035444060250416784,-0.25871684190211097,1
-0.006392213321391517,-0.1602546966012832,0.003866006801447779,-1.3476848359171851,-0.3523045227183234,-0.12075586013705475,-0.4755563543407302,-0.7501633808972655,0.0,-0.28015074233403564,-0.035444060250416784,-0.25871684190211097,1
-0.06224373083343811,0.9014779677708951,-0.14184613905201454,-1.3476848359171851,-0.3523045227183234,-0.22793729103153662,-0.4755563543407302,-0.7501633808972655,0.0,-0.28015074233403564,-0.035444060250416784,-0.25871684190211097,1
-0.06224373083343811,2.0704214223565507,-0.0932754237675271,-1.3476848359171851,-0.3523045227183234,-0.22793729103153662,-0.4755563543407302,-0.7501633808972655,0.0,-0.28015074233403564,-0.035444060250416784,-0.25871684190211097,1
-0.06224373083343811,0.7354741635693818,-0.06089494691120214,0.7420132462345592,-0.3523045227183234,-0.22793729103153662,-0.4755563543407302,1.3330429416641303,0.0,-0.28015074233403564,-0.035444060250416784,-0.25871684190211097,1
-0.06224373083343811,0.2755052894276889,0.052436722085935215,0.7420132462345592,-0.3523045227183234,0.17399307482277035,2.1028002062685345,-0.7501633808972655,0.0,-0.28015074233403564,-0.035444060250416784,-0.25871684190211097,1
-0.06224373083343811,0.8911027300083005,-0.10946566219568958,0.7420132462345592,2.838453484173765,-0.040369786966193366,-0.4755563543407302,-0.7501633808972655,0.0,-0.28015074233403564,-0.035444060250416784,-0.25871684190211097,1
-0.06224373083343811,0.05762529641320288,-0.15803637748017701,0.7420132462345592,-0.3523045227183234,-0.22793729103153662,-0.4755563543407302,-0.7501633808972655,0.0,-0.28015074233403564,-0.035444060250416784,-0.25871684190211097,1
-0.06224373083343811,-1.076734032297137,-0.02851447005487718,-1.3476848359171851,-0.3523045227183234,-0.22793729103153662,2.1028002062685345,1.3330429416641303,0.0,-0.28015074233403564,-0.035444060250416784,-0.25871684190211097,1
-0.06224373083343811,1.672703974790425,-0.06089494691120214,0.7420132462345592,2.838453484173765,0.12040235937552941,2.1028002062685345,-0.7501633808972655,0.0,-0.28015074233403564,-0.035444060250416784,-0.25871684190211097,1
-0.06224373083343811,-1.0456083190093532,-0.04470470848303966,0.7420132462345592,-0.3523045227183234,-0.22793729103153662,-0.4755563543407302,1.3330429416641303,0.0,-0.28015074233403564,-0.035444060250416784,-0.25871684190211097,1
-0.06224373083343811,-0.5925562700427237,-0.10946566219568958,-1.3476848359171851,-0.3523045227183234,-0.17434657558429567,-0.4755563543407302,-0.7501633808972655,0.0,-0.28015074233403564,-0.035444060250416784,-0.25871684190211097,1
-0.06224373083343811,0.1579192614516172,-0.10946566219568958,0.7420132462345592,-0.3523045227183234,-0.22793729103153662,-0.4755563543407302,-0.7501633808972655,0.0,-0.28015074233403564,-0.035444060250416784,-0.25871684190211097,1
-0.06224373083343811,1.738413813953524,-0.02851447005487718,0.7420132462345592,2.838453484173765,0.12040235937552941,2.1028002062685345,-0.7501633808972655,0.0,-0.28015074233403564,-0.035444060250416784,-0.25871684190211097,1
-0.06224373083343811,-0.04958549380027429,-0.12565590062385207,0.7420132462345592,-0.3523045227183234,-0.22793729103153662,-0.4755563543407302,1.3330429416641303,0.0,-0.28015074233403564,-0.035444060250416784,-0.25871684190211097,1
-0.03431797207741481,2.0704214223565507,0.0,-1.3476848359171851,-0.3523045227183234,-0.040369786966193366,-0.4755563543407302,-0.7501633808972655,0.0,-0.28015074233403564,-0.035444060250416784,-0.25871684190211097,1
-0.06224373083343811,-0.37813468961576924,-0.12565590062385207,0.7420132462345592,2.838453484173765,0.013220928481047563,-0.4755563543407302,1.3330429416641303,0.0,-0.28015074233403564,-0.035444060250416784,-0.25871684190211097,1
-0.06224373083343811,-0.039210256037679705,0.020056245229610258,0.7420132462345592,-0.3523045227183234,-0.22793729103153662,-0.4755563543407302,-0.7501633808972655,0.0,-0.28015074233403564,-0.035444060250416784,-0.25871684190211097,1
-0.06224373083343811,1.1055243104352548,-0.14184613905201454,0.7420132462345592,-0.3523045227183234,0.06681164392828849,-0.4755563543407302,-0.7501633808972655,0.0,-0.28015074233403564,-0.035444060250416784,-0.25871684190211097,1
-0.06224373083343811,0.8599770167205167,-0.10946566219568958,0.7420132462345592,-0.3523045227183234,-0.22793729103153662,2.1028002062685345,-0.7501633808972655,0.0,-0.28015074233403564,-0.035444060250416784,-0.25871684190211097,1
-0.06224373083343811,-0.6202235707429758,-0.12565590062385207,-1.3476848359171851,-0.3523045227183234,-0.22793729103153662,2.1028002062685345,-0.7501633808972655,0.0,-0.28015074233403564,-0.035444060250416784,-0.25871684190211097,1
-0.06224373083343811,0.1337103733388965,-0.10946566219568958,0.7420132462345592,-0.3523045227183234,-0.22793729103153662,-0.4755563543407302,-0.7501633808972655,0.0,-0.28015074233403564,-0.035444060250416784,-0.25871684190211097,1
-0.06224373083343811,0.4034665551663555,-0.1742266159083395,0.7420132462345592,-0.3523045227183234,-0.1475512178606752,-0.4755563543407302,1.3330429416641303,0.0,-0.28015074233403564,-0.035444060250416784,-0.25871684190211097,1
-0.06224373083343811,-0.05304390638780582,-0.07708518533936462,0.7420132462345592,2.838453484173765,0.09360700165190895,-0.4755563543407302,-0.7501633808972655,0.0,-0.28015074233403564,-0.035444060250416784,-0.25871684190211097,1
-0.06224373083343811,0.41384179292895007,-0.14184613905201454,0.7420132462345592,-0.3523045227183234,-0.22793729103153662,-0.4755563543407302,1.3330429416641303,0.0,-0.28015074233403564,-0.035444060250416784,-0.25871684190211097,1
-0.06224373083343811,-0.3885099273783638,-0.06089494691120214,0.7420132462345592,-0.3523045227183234,-0.040369786966193366,-0.4755563543407302,-0.7501633808972655,0.0,-0.28015074233403564,-0.035444060250416784,-0.25871684190211097,1
-0.06224373083343811,-0.983356892433786,-0.10946566219568958,0.7420132462345592,-0.3523045227183234,-0.22793729103153662,-0.4755563543407302,1.3330429416641303,0.0,-0.28015074233403564,-0.035444060250416784,-0.25871684190211097,1
-0.03431797207741481,0.6732227369938143,-0.02851447005487718,0.7420132462345592,2.838453484173765,0.2007884325463908,-0.4755563543407302,-0.7501633808972655,0.0,-0.28015074233403564,-0.035444060250416784,-0.25871684190211097,1
0.0,-1.2565714868487765,-0.10946566219568958,0.7420132462345592,-0.3523045227183234,-0.0135744292425729,-0.4755563543407302,1.3330429416641303,0.0,-0.28015074233403564,-0.035444060250416784,3.865229618017538,1
-0.06224373083343811,0.33775671600325646,-0.10946566219568958,0.7420132462345592,-0.3523045227183234,-0.040369786966193366,-0.4755563543407302,-0.7501633808972655,0.0,-0.28015074233403564,-0.035444060250416784,-0.25871684190211097,1
-0.06224373083343811,-0.5683473819300031,0.0,-1.3476848359171851,-0.3523045227183234,-0.22793729103153662,-0.4755563543407302,-0.7501633808972655,0.0,-0.28015074233403564,-0.035444060250416784,-0.25871684190211097,1
-0.03431797207741481,-0.8311867385823989,-0.07708518533936462,0.7420132462345592,-0.3523045227183234,0.4955373675062159,-0.4755563543407302,-0.7501633808972655,0.0,3.569506872152626,-0.035444060250416784,3.865229618017538,1
-0.06224373083343811,-0.4058019903160215,0.0,-1.3476848359171851,-0.3523045227183234,-0.22793729103153662,-0.4755563543407302,-0.7501633808972655,0.0,-0.28015074233403564,-0.035444060250416784,-0.25871684190211097,1
-0.06224373083343811,-0.07379438191299499,-0.04470470848303966,-1.3476848359171851,-0.3523045227183234,0.1471977170991499,-0.4755563543407302,-0.7501633808972655,0.0,-0.28015074233403564,-0.035444060250416784,-0.25871684190211097,1
-0.06224373083343811,0.047250058650608294,-0.07708518533936462,-1.3476848359171851,-0.3523045227183234,-0.040369786966193366,2.1028002062685345,1.3330429416641303,0.0,-0.28015074233403564,-0.035444060250416784,-0.25871684190211097,1
-0.06224373083343811,1.776456352416371,-0.07708518533936462,-1.3476848359171851,-0.3523045227183234,-0.0135744292425729,2.1028002062685345,-0.7501633808972655,0.0,-0.28015074233403564,-0.035444060250416784,-0.25871684190211097,1
-0.03431797207741481,-1.9198046416654817e-16,-0.07708518533936462,0.7420132462345592,-0.3523045227183234,0.09360700165190895,2.1028002062685345,-0.7501633808972655,0.0,-0.28015074233403564,-0.035444060250416784,-0.25871684190211097,1
-0.06224373083343811,0.33775671600325646,0.0,0.7420132462345592,-0.3523045227183234,-0.22793729103153662,2.1028002062685345,1.3330429416641303,0.0,-0.28015074233403564,-0.035444060250416784,-0.25871684190211097,1
-0.06224373083343811,1.2784449398118312,-0.15803637748017701,0.7420132462345592,-0.3523045227183234,-0.06716514468981383,-0.4755563543407302,1.3330429416641303,0.0,-0.28015074233403564,-0.035444060250416784,-0.25871684190211097,1
-0.06224373083343811,0.8323097160202645,-0.07708518533936462,0.7420132462345592,-0.3523045227183234,0.0,2.1028002062685345,1.3330429416641303,0.0,-0.28015074233403564,-0.035444060250416784,-0.25871684190211097,1
-0.06224373083343811,-1.0352330812467587,-0.0932754237675271,-1.3476848359171851,2.838453484173765,0.2811745057172522,-0.4755563543407302,-0.7501633808972655,0.0,-0.28015074233403564,-0.035444060250416784,-0.25871684190211097,1
0.0,0.03341640830048218,0.020056245229610258,-1.3476848359171851,-0.3523045227183234,-0.0135744292425729,2.1028002062685345,1.3330429416641303,0.0,-0.28015074233403564,-0.035444060250416784,-0.25871684190211097,1
-0.06224373083343811,-0.917647053270687,0.0686269605140977,0.7420132462345592,-0.3523045227183234,-0.22793729103153662,-0.4755563543407302,1.3330429416641303,0.0,-0.28015074233403564,-0.035444060250416784,-0.25871684190211097,1
-0.06224373083343811,0.32392306565313034,-0.12565590062385207,-1.3476848359171851,-0.3523045227183234,0.013220928481047563,-0.4755563543407302,-0.7501633808972655,0.0,-0.28015074233403564,-0.035444060250416784,-0.25871684190211097,1
-0.06224373083343811,-0.3297169133903278,-0.0932754237675271,0.7420132462345592,-0.3523045227183234,-0.22793729103153662,-0.4755563543407302,-0.7501633808972655,0.0,-0.28015074233403564,-0.035444060250416784,-0.25871684190211097,1
-0.06224373083343811,-1.1597359343978937,-0.06089494691120214,0.7420132462345592,-0.3523045227183234,0.38835593661173406,-0.4755563543407302,-0.7501633808972655,0.0,-0.28015074233403564,-0.035444060250416784,-0.25871684190211097,1
-0.06224373083343811,-0.24325659870203967,0.020056245229610258,0.7420132462345592,-0.3523045227183234,-0.09396050241343429,-0.4755563543407302,1.3330429416641303,0.0,-0.28015074233403564,-0.035444060250416784,-0.25871684190211097,1
-0.06224373083343811,-0.37813468961576924,-0.07708518533936462,0.7420132462345592,-0.3523045227183234,-0.22793729103153662,-0.4755563543407302,-0.7501633808972655,0.0,-0.28015074233403564,-0.035444060250416784,-0.25871684190211097,1
-0.06224373083343811,-1.9198046416654817e-16,-0.12565590062385207,0.7420132462345592,-0.3523045227183234,-0.22793729103153662,-0.4755563543407302,-0.7501633808972655,0.0,-0.28015074233403564,-0.035444060250416784,-0.25871684190211097,1
-0.06224373083343811,2.008169995780983,-0.15803637748017701,-1.3476848359171851,-0.3523045227183234,-0.22793729103153662,-0.4755563543407302,-0.7501633808972655,0.0,-0.28015074233403564,-0.035444060250416784,-0.25871684190211097,1
-0.06224373083343811,0.05762529641320288,-0.12565590062385207,0.7420132462345592,2.838453484173765,-0.0135744292425729,-0.4755563543407302,1.3330429416641303,0.0,-0.28015074233403564,-0.035444060250416784,-0.25871684190211097,1
-0.06224373083343811,-1.076734032297137,-0.07708518533936462,0.7420132462345592,-0.3523045227183234,0.013220928481047563,-0.4755563543407302,1.3330429416641303,0.0,-0.28015074233403564,-0.035444060250416784,-0.25871684190211097,1
-0.06224373083343811,-0.9141886406831554,-0.10946566219568958,0.7420132462345592,2.838453484173765,0.040016286204668024,-0.4755563543407302,-0.7501633808972655,0.0,3.569506872152626,-0.035444060250416784,-0.25871684190211097,1
-0.06224373083343811,0.2340043383773108,-0.15803637748017701,-1.3476848359171851,-0.3523045227183234,-0.0135744292425729,2.1028002062685345,-0.7501633808972655,0.0,-0.28015074233403564,-0.035444060250416784,-0.25871684190211097,1
-0.06224373083343811,-0.6963086476686694,-0.02851447005487718,-1.3476848359171851,-0.3523045227183234,-0.22793729103153662,-0.4755563543407302,-0.7501633808972655,0.0,-0.28015074233403564,-0.035444060250416784,-0.25871684190211097,1
-0.06224373083343811,-1.1666527595729568,-0.06089494691120214,0.7420132462345592,-0.3523045227183234,-0.22793729103153662,-0.4755563543407302,1.3330429416641303,0.0,-0.28015074233403564,-0.035444060250416784,-0.25871684190211097,1
-0.06224373083343811,-0.8761461022203089,-0.12565590062385207,0.7420132462345592,-0.3523045227183234,0.12040235937552941,2.1028002062685345,-0.7501633808972655,0.0,-0.28015074233403564,-0.035444060250416784,-0.25871684190211097,1
-0.06224373083343811,-0.8208115008198044,-0.07708518533936462,0.7420132462345592,-0.3523045227183234,-0.22793729103153662,-0.4755563543407302,1.3330429416641303,0.0,-0.28015074233403564,-0.035444060250416784,-0.25871684190211097,1
-0.06224373083343811,1.316487478274678,-0.0932754237675271,0.7420132462345592,-0.3523045227183234,-0.0135744292425729,-0.4755563543407302,-0.7501633808972655,0.0,-0.28015074233403564,-0.035444060250416784,-0.25871684190211097,1
-0.06224373083343811,-0.22596453576438202,-0.07708518533936462,0.7420132462345592,-0.3523045227183234,-0.22793729103153662,-0.4755563543407302,-0.7501633808972655,0.0,-0.28015074233403564,-0.035444060250416784,-0.25871684190211097,1
-0.06224373083343811,1.250777639111579,-0.12565590062385207,0.7420132462345592,-0.3523045227183234,-0.09396050241343429,2.1028002062685345,-0.7501633808972655,0.0,-0.28015074233403564,-0.035444060250416784,-0.25871684190211097,1
-0.006392213321391517,-0.15333787142622013,-0.15803637748017701,-1.3476848359171851,-0.3523045227183234,0.17399307482277035,-0.4755563543407302,1.3330429416641303,0.0,-0.28015074233403564,-0.035444060250416784,-0.25871684190211097,1
0.16116233921474826,-1.9198046416654817e-16,-0.04470470848303966,-1.3476848359171851,-0.3523045227183234,0.17399307482277035,-0.4755563543407302,-0.7501633808972655,0.0,-0.28015074233403564,-0.035444060250416784,-0.25871684190211097,1
-0.06224373083343811,-0.9453143539709392,0.0,-1.3476848359171851,-0.3523045227183234,-0.22793729103153662,-0.4755563543407302,1.3330429416641303,0.0,-0.28015074233403564,-0.035444060250416784,-0.25871684190211097,1
-0.06224373083343811,0.08183418452592357,-0.0932754237675271,0.7420132462345592,2.838453484173765,0.09360700165190895,2.1028002062685345,1.3330429416641303,0.0,-0.28015074233403564,-0.035444060250416784,-0.25871684190211097,1
-0.06224373083343811,-0.917647053270687,-0.10946566219568958,0.7420132462345592,-0.3523045227183234,-0.22793729103153662,-0.4755563543407302,-0.7501633808972655,0.0,-0.28015074233403564,-0.035444060250416784,-0.25871684190211097,1
0.0,-0.7481848364816424,-0.06089494691120214,0.7420132462345592,2.838453484173765,0.09360700165190895,-0.4755563543407302,1.3330429416641303,0.0,-0.28015074233403564,-0.035444060250416784,-0.25871684190211097,1
-0.06224373083343811,0.2478379887274367,-0.12565590062385207,0.7420132462345592,2.838453484173765,0.013220928481047563,-0.4755563543407302,-0.7501633808972655,0.0,-0.28015074233403564,-0.035444060250416784,-0.25871684190211097,1
-0.06224373083343811,0.704348450281598,-0.06089494691120214,0.7420132462345592,-0.3523045227183234,-0.22793729103153662,-0.4755563543407302,-0.7501633808972655,0.0,-0.28015074233403564,-0.035444060250416784,-0.25871684190211097,1
0.02153354543463178,0.7181821006317242,0.1495781526549101,-1.3476848359171851,-0.3523045227183234,-0.22793729103153662,-0.4755563543407302,-0.7501633808972655,0.0,-0.28015074233403564,-0.035444060250416784,-0.25871684190211097,1
-0.06224373083343811,-0.25709024905216576,-0.14184613905201454,0.7420132462345592,-0.3523045227183234,-0.22793729103153662,-0.4755563543407302,1.3330429416641303,0.0,-0.28015074233403564,-0.035444060250416784,-0.25871684190211097,1
-0.06224373083343811,0.5141357579673643,0.036246483657772735,0.7420132462345592,-0.3523045227183234,-0.22793729103153662,-0.4755563543407302,-0.7501633808972655,0.0,-0.28015074233403564,-0.035444060250416784,-0.25871684190211097,1
-0.06224373083343811,-0.4784286546541833,-0.0932754237675271,0.7420132462345592,2.838453484173765,0.06681164392828849,-0.4755563543407302,1.3330429416641303,0.0,-0.28015074233403564,-0.035444060250416784,-0.25871684190211097,1
-0.06224373083343811,-0.6029315078053182,-0.10946566219568958,0.7420132462345592,-0.3523045227183234,0.0,-0.4755563543407302,1.3330429416641303,0.0,-0.28015074233403564,-0.035444060250416784,-0.25871684190211097,1
0.02153354543463178,0.8046424153200123,-0.0123242316267147,0.7420132462345592,2.838453484173765,0.2007884325463908,2.1028002062685345,-0.7501633808972655,0.0,-0.28015074233403564,-0.035444060250416784,-0.25871684190211097,1
-0.06224373083343811,0.016124345362824737,-0.14184613905201454,0.7420132462345592,-0.3523045227183234,-0.22793729103153662,-0.4755563543407302,1.3330429416641303,0.0,-0.28015074233403564,-0.035444060250416784,-0.25871684190211097,1
0.07738506294667838,-0.3228000882152648,-0.02851447005487718,0.7420132462345592,-0.3523045227183234,-0.06716514468981383,-0.4755563543407302,-0.7501633808972655,0.0,-0.28015074233403564,-0.035444060250416784,-0.25871684190211097,1
-0.06224373083343811,-1.2773219623739658,-0.10946566219568958,0.7420132462345592,-0.3523045227183234,-0.22793729103153662,-0.4755563543407302,1.3330429416641303,0.0,-0.28015074233403564,-0.035444060250416784,-0.25871684190211097,1
-0.06224373083343811,0.026499583125419127,-0.12565590062385207,-1.3476848359171851,2.838453484173765,0.06681164392828849,-0.4755563543407302,-0.7501633808972655,0.0,-0.28015074233403564,-0.035444060250416784,-0.25871684190211097,1
-0.06224373083343811,-0.3885099273783638,-0.06089494691120214,0.7420132462345592,-0.3523045227183234,-0.06716514468981383,-0.4755563543407302,-0.7501633808972655,0.0,-0.28015074233403564,-0.035444060250416784,-0.25871684190211097,1
-0.06224373083343811,-0.49226230500430945,-0.0932754237675271,-1.3476848359171851,-0.3523045227183234,-0.22793729103153662,2.1028002062685345,-0.7501633808972655,0.0,-0.28015074233403564,-0.035444060250416784,-0.25871684190211097,1
-0.06224373083343811,-0.05304390638780582,0.020056245229610258,0.7420132462345592,-0.3523045227183234,-0.22793729103153662,-0.4755563543407302,1.3330429416641303,0.0,-0.28015074233403564,-0.035444060250416784,-0.25871684190211097,1
-0.06224373083343811,-1.0041073679589751,-0.07708518533936462,0.7420132462345592,2.838453484173765,0.09360700165190895,-0.4755563543407302,1.3330429416641303,0.0,-0.28015074233403564,-0.035444060250416784,-0.25871684190211097,1
-0.06224373083343811,0.3342983034157249,-0.12565590062385207,0.7420132462345592,2.838453484173765,-0.0135744292425729,-0.4755563543407302,1.3330429416641303,0.0,-0.28015074233403564,-0.035444060250416784,-0.25871684190211097,1
0.02153354543463178,1.5170754083515063,-0.0932754237675271,0.7420132462345592,-0.3523045227183234,-0.22793729103153662,-0.4755563543407302,-0.7501633808972655,0.0,-0.28015074233403564,-0.035444060250416784,-0.25871684190211097,1
-0.06224373083343811,0.538344646080085,-0.14184613905201454,0.7420132462345592,-0.3523045227183234,-0.040369786966193366,-0.4755563543407302,-0.7501633808972655,0.0,-0.28015074233403564,-0.035444060250416784,-0.25871684190211097,1
-0.06224373083343811,-0.9626064169085968,-0.04470470848303966,0.7420132462345592,-0.3523045227183234,0.0,2.1028002062685345,-0.7501633808972655,0.0,-0.28015074233403564,-0.035444060250416784,-0.25871684190211097,1
-0.06224373083343811,-0.09800327002571568,-0.10946566219568958,0.7420132462345592,-0.3523045227183234,0.12040235937552941,-0.4755563543407302,1.3330429416641303,0.0,-0.28015074233403564,-0.035444060250416784,-0.25871684190211097,1
-0.06224373083343811,-0.8311867385823989,-0.0932754237675271,0.7420132462345592,-0.3523045227183234,-0.09396050241343429,-0.4755563543407302,1.3330429416641303,0.0,-0.28015074233403564,-0.035444060250416784,-0.25871684190211097,1
-0.06224373083343811,-0.5026375427669041,-0.02851447005487718,-1.3476848359171851,-0.3523045227183234,-0.22793729103153662,-0.4755563543407302,1.3330429416641303,0.0,-0.28015074233403564,-0.035444060250416784,-0.25871684190211097,1
-0.06224373083343811,0.7320157509818502,-0.10946566219568958,0.7420132462345592,-0.3523045227183234,-0.22793729103153662,-0.4755563543407302,-0.7501633808972655,0.0,-0.28015074233403564,-0.035444060250416784,-0.25871684190211097,1
-0.03431797207741481,-0.9522311791460023,-0.07708518533936462,-1.3476848359171851,-0.3523045227183234,-0.06716514468981383,-0.4755563543407302,-0.7501633808972655,0.0,-0.28015074233403564,-0.035444060250416784,-0.25871684190211097,1
-0.006392213321391517,-0.3470089763279855,-0.04470470848303966,-1.3476848359171851,-0.3523045227183234,0.33476522116449314,-0.4755563543407302,-0.7501633808972655,0.0,-0.28015074233403564,-0.035444060250416784,-0.25871684190211097,1
-0.06224373083343811,-0.39542675255342685,-0.02851447005487718,0.7420132462345592,-0.3523045227183234,0.1471977170991499,-0.4755563543407302,1.3330429416641303,0.0,-0.28015074233403564,-0.035444060250416784,-0.25871684190211097,1
-0.06224373083343811,-0.9660648294961284,-0.14184613905201454,0.7420132462345592,2.838453484173765,-0.0135744292425729,-0.4755563543407302,-0.7501633808972655,0.0,-0.28015074233403564,-0.035444060250416784,-0.25871684190211097,1
-0.06224373083343811,-1.9198046416654817e-16,-0.06089494691120214,0.7420132462345592,-0.3523045227183234,-0.22793729103153662,-0.4755563543407302,-0.7501633808972655,0.0,-0.28015074233403564,-0.035444060250416784,-0.25871684190211097,1
-0.06224373083343811,1.7937484153540282,-0.0932754237675271,0.7420132462345592,-0.3523045227183234,-0.22793729103153662,2.1028002062685345,-0.7501633808972655,0.0,-0.28015074233403564,-0.035444060250416784,-0.25871684190211097,1
-0.06224373083343811,-0.03229343086261665,-0.15803637748017701,0.7420132462345592,-0.3523045227183234,-0.22793729103153662,-0.4755563543407302,1.3330429416641303,0.0,-0.28015074233403564,-0.035444060250416784,-0.25871684190211097,1
-0.06224373083343811,0.23054592578977925,-0.1742266159083395,0.7420132462345592,-0.3523045227183234,-0.22793729103153662,-0.4755563543407302,1.3330429416641303,0.0,-0.28015074233403564,-0.035444060250416784,-0.25871684190211097,1
-0.006392213321391517,0.5418030586676166,-0.0932754237675271,0.7420132462345592,-0.3523045227183234,-0.040369786966193366,-0.4755563543407302,-0.7501633808972655,0.0,-0.28015074233403564,-0.035444060250416784,-0.25871684190211097,1
-0.06224373083343811,0.40000814257882394,0.003866006801447779,-1.3476848359171851,-0.3523045227183234,-0.22793729103153662,2.1028002062685345,-0.7501633808972655,0.0,-0.28015074233403564,-0.035444060250416784,-0.25871684190211097,1
-0.06224373083343811,0.26513005166509435,-0.10946566219568958,0.7420132462345592,-0.3523045227183234,-0.22793729103153662,-0.4755563543407302,1.3330429416641303,0.0,-0.28015074233403564,-0.035444060250416784,-0.25871684190211097,1
-0.03431797207741481,-0.9383975287958761,-0.0932754237675271,-1.3476848359171851,-0.3523045227183234,0.040016286204668024,-0.4755563543407302,1.3330429416641303,0.0,-0.28015074233403564,-0.035444060250416784,-0.25871684190211097,1
-0.06224373083343811,0.07145894676332899,-0.0123242316267147,0.7420132462345592,-0.3523045227183234,-0.12075586013705475,-0.4755563543407302,1.3330429416641303,0.0,-0.28015074233403564,-0.035444060250416784,-0.25871684190211097,1
-0.06224373083343811,-1.194320060273209,-0.10946566219568958,-1.3476848359171851,-0.3523045227183234,-0.22793729103153662,2.1028002062685345,1.3330429416641303,0.0,-0.28015074233403564,-0.035444060250416784,-0.25871684190211097,1
-0.06224373083343811,-0.9937321301963806,-0.04470470848303966,-1.3476848359171851,-0.3523045227183234,-0.17434657558429567,2.1028002062685345,1.3330429416641303,0.0,-0.28015074233403564,-0.035444060250416784,-0.25871684190211097,1
-0.06224373083343811,0.5418030586676166,0.0,-1.3476848359171851,-0.3523045227183234,0.09360700165190895,-0.4755563543407302,1.3330429416641303,0.0,-0.28015074233403564,-0.035444060250416784,-0.25871684190211097,1
-0.06224373083343811,0.8668938418955798,-0.06089494691120214,0.7420132462345592,2.838453484173765,0.38835593661173406,-0.4755563543407302,-0.7501633808972655,0.0,-0.28015074233403564,-0.035444060250416784,-0.25871684190211097,1
-0.06224373083343811,0.8461433663703907,-0.04470470848303966,-1.3476848359171851,-0.3523045227183234,-0.09396050241343429,2.1028002062685345,-0.7501633808972655,0.0,-0.28015074233403564,-0.035444060250416784,-0.25871684190211097,1
-0.06224373083343811,-1.1320686336976415,-0.07708518533936462,0.7420132462345592,2.838453484173765,-0.0135744292425729,-0.4755563543407302,1.3330429416641303,0.0,-0.28015074233403564,-0.035444060250416784,-0.25871684190211097,1
-0.06224373083343811,-0.9383975287958761,-0.0123242316267147,-1.3476848359171851,-0.3523045227183234,0.06681164392828849,-0.4755563543407302,-0.7501633808972655,0.0,3.569506872152626,-0.035444060250416784,-0.25871684190211097,1
-0.03431797207741481,-0.2363397735269766,-0.0123242316267147,0.7420132462345592,2.838453484173765,0.2007884325463908,-0.4755563543407302,1.3330429416641303,0.0,-0.28015074233403564,-0.035444060250416784,-0.25871684190211097,1
-0.06224373083343811,2.0531293594188926,-0.10946566219568958,0.7420132462345592,-0.3523045227183234,-0.0135744292425729,-0.4755563543407302,-0.7501633808972655,0.0,-0.28015074233403564,-0.035444060250416784,-0.25871684190211097,1
-0.06224373083343811,1.337237953799867,0.003866006801447779,0.7420132462345592,-0.3523045227183234,-0.22793729103153662,2.1028002062685345,1.3330429416641303,0.0,-0.28015074233403564,-0.035444060250416784,-0.25871684190211097,1
-0.06224373083343811,-1.0352330812467587,-0.12565590062385207,0.7420132462345592,-0.3523045227183234,-0.22793729103153662,-0.4755563543407302,1.3330429416641303,0.0,-0.28015074233403564,-0.035444060250416784,-0.25871684190211097,1
-0.06224373083343811,1.4098646181380292,-0.10946566219568958,0.7420132462345592,-0.3523045227183234,-0.040369786966193366,-0.4755563543407302,-0.7501633808972655,0.0,-0.28015074233403564,-0.035444060250416784,-0.25871684190211097,1
-0.06224373083343811,0.11295989781370733,-0.10946566219568958,0.7420132462345592,2.838453484173765,0.040016286204668024,-0.4755563543407302,-0.7501633808972655,0.0,-0.28015074233403564,-0.035444060250416784,-0.25871684190211097,1
-0.06224373083343811,1.3061122405120835,-0.07708518533936462,-1.3476848359171851,-0.3523045227183234,0.040016286204668024,2.1028002062685345,-0.7501633808972655,0.0,-0.28015074233403564,-0.035444060250416784,-0.25871684190211097,1
-0.06224373083343811,-0.9453143539709392,0.0,0.7420132462345592,-0.3523045227183234,-0.22793729103153662,-0.4755563543407302,1.3330429416641303,0.0,-0.28015074233403564,-0.035444060250416784,-0.25871684190211097,1
-0.03431797207741481,-1.0905676826472632,-0.12565590062385207,-1.3476848359171851,-0.3523045227183234,-0.22793729103153662,-0.4755563543407302,1.3330429416641303,0.0,-0.28015074233403564,-0.035444060250416784,-0.25871684190211097,1
0.10531082170270167,0.9222284432960842,-0.02851447005487718,0.7420132462345592,-0.3523045227183234,0.0,-0.4755563543407302,-0.7501633808972655,0.0,-0.28015074233403564,-0.035444060250416784,-0.25871684190211097,1
-0.006392213321391517,0.18558656215186942,-0.14184613905201454,-1.3476848359171851,-0.3523045227183234,-0.09396050241343429,-0.4755563543407302,-0.7501633808972655,0.0,-0.28015074233403564,-0.035444060250416784,-0.25871684190211097,1
-0.06224373083343811,0.8323097160202645,-0.04470470848303966,0.7420132462345592,2.838453484173765,0.1471977170991499,-0.4755563543407302,-0.7501633808972655,0.0,-0.28015074233403564,-0.035444060250416784,-0.25871684190211097,1
-0.06224373083343811,-1.1493606966352992,-0.10946566219568958,0.7420132462345592,-0.3523045227183234,0.013220928481047563,2.1028002062685345,-0.7501633808972655,0.0,-0.28015074233403564,-0.035444060250416784,-0.25871684190211097,1
-0.06224373083343811,0.07145894676332899,-0.12565590062385207,0.7420132462345592,-0.3523045227183234,-0.22793729103153662,-0.4755563543407302,-0.7501633808972655,0.0,-0.28015074233403564,-0.035444060250416784,-0.25871684190211097,1
-0.06224373083343811,0.10258466005111273,-0.14184613905201454,0.7420132462345592,-0.3523045227183234,-0.22793729103153662,-0.4755563543407302,1.3330429416641303,0.0,-0.28015074233403564,-0.035444060250416784,-0.25871684190211097,1
0.0,-0.5303048434671562,-0.10946566219568958,0.7420132462345592,-0.3523045227183234,-0.22793729103153662,-0.4755563543407302,-0.7501633808972655,0.0,-0.28015074233403564,-0.035444060250416784,-0.25871684190211097,1
-0.06224373083343811,1.4409903314258126,-0.15803637748017701,0.7420132462345592,-0.3523045227183234,-0.22793729103153662,-0.4755563543407302,-0.7501633808972655,0.0,-0.28015074233403564,-0.035444060250416784,-0.25871684190211097,1
-0.06224373083343811,1.3891141426128402,-0.02851447005487718,-1.3476848359171851,-0.3523045227183234,0.013220928481047563,-0.4755563543407302,-0.7501633808972655,0.0,-0.28015074233403564,-0.035444060250416784,-0.25871684190211097,1
-0.06224373083343811,0.7873503523823546,-0.0932754237675271,-1.3476848359171851,-0.3523045227183234,-0.22793729103153662,2.1028002062685345,1.3330429416641303,0.0,-0.28015074233403564,-0.035444060250416784,-0.25871684190211097,1
-0.06224373083343811,1.759164289478713,-0.02851447005487718,0.7420132462345592,-0.3523045227183234,-0.06716514468981383,-0.4755563543407302,-0.7501633808972655,0.0,-0.28015074233403564,-0.035444060250416784,-0.25871684190211097,1
-0.06224373083343811,-0.6098483329803813,-0.10946566219568958,0.7420132462345592,-0.3523045227183234,-0.09396050241343429,-0.4755563543407302,-0.7501633808972655,0.0,-0.28015074233403564,-0.035444060250416784,-0.25871684190211097,1
-0.03431797207741481,-0.1360458084885625,-0.0932754237675271,-1.3476848359171851,-0.3523045227183234,0.040016286204668024,-0.4755563543407302,-0.7501633808972655,0.0,3.569506872152626,-0.035444060250416784,-0.25871684190211097,1
-0.06224373083343811,0.03341640830048218,-0.0932754237675271,0.7420132462345592,-0.3523045227183234,-0.22793729103153662,2.1028002062685345,-0.7501633808972655,0.0,-0.28015074233403564,-0.035444060250416784,-0.25871684190211097,1
-0.06224373083343811,1.9493769817929467,-0.14184613905201454,-1.3476848359171851,-0.3523045227183234,-0.22793729103153662,-0.4755563543407302,1.3330429416641303,0.0,-0.28015074233403564,-0.035444060250416784,-0.25871684190211097,1
-0.06224373083343811,-0.46459500430405726,-0.12565590062385207,-1.3476848359171851,2.838453484173765,0.0,2.1028002062685345,1.3330429416641303,0.0,-0.28015074233403564,-0.035444060250416784,-0.25871684190211097,1
-0.06224373083343811,-1.055983556771948,-0.06089494691120214,0.7420132462345592,-0.3523045227183234,-0.22793729103153662,-0.4755563543407302,-0.7501633808972655,0.0,-0.28015074233403564,-0.035444060250416784,-0.25871684190211097,1
-0.06224373083343811,0.49338528244217517,-0.15803637748017701,0.7420132462345592,-0.3523045227183234,0.12040235937552941,-0.4755563543407302,-0.7501633808972655,0.0,-0.28015074233403564,-0.035444060250416784,-0.25871684190211097,1
-0.06224373083343811,0.8323097160202645,-0.0932754237675271,0.7420132462345592,-0.3523045227183234,0.2007884325463908,2.1028002062685345,1.3330429416641303,0.0,-0.28015074233403564,-0.035444060250416784,-0.25871684190211097,1
-0.06224373083343811,1.4617408069510018,-0.0932754237675271,0.7420132462345592,-0.3523045227183234,-0.22793729103153662,-0.4755563543407302,-0.7501633808972655,0.0,-0.28015074233403564,-0.035444060250416784,-0.25871684190211097,1
-0.06224373083343811,-0.9349391162083447,-0.06089494691120214,0.7420132462345592,-0.3523045227183234,-0.22793729103153662,-0.4755563543407302,1.3330429416641303,0.0,-0.28015074233403564,-0.035444060250416784,-0.25871684190211097,1
-0.06224373083343811,-0.8899797525704349,-0.0932754237675271,-1.3476848359171851,-0.3523045227183234,-0.22793729103153662,-0.4755563543407302,-0.7501633808972655,0.0,-0.28015074233403564,-0.035444060250416784,-0.25871684190211097,1
-0.06224373083343811,0.8253928908452015,0.0,0.7420132462345592,-0.3523045227183234,0.013220928481047563,-0.4755563543407302,-0.7501633808972655,0.0,-0.28015074233403564,-0.035444060250416784,-0.25871684190211097,1
-0.06224373083343811,1.1816093873609483,-0.14184613905201454,0.7420132462345592,2.838453484173765,-0.0135744292425729,-0.4755563543407302,-0.7501633808972655,0.0,-0.28015074233403564,-0.035444060250416784,-0.25871684190211097,1
-0.06224373083343811,0.35159036635338253,-0.15803637748017701,0.7420132462345592,2.838453484173765,-0.06716514468981383,-0.4755563543407302,1.3330429416641303,0.0,-0.28015074233403564,-0.035444060250416784,-0.25871684190211097,1
-0.06224373083343811,-0.8726876896327773,-0.06089494691120214,0.7420132462345592,-0.3523045227183234,-0.12075586013705475,-0.4755563543407302,1.3330429416641303,0.0,-0.28015074233403564,-0.035444060250416784,-0.25871684190211097,1
-0.06224373083343811,-0.9349391162083447,-0.10946566219568958,0.7420132462345592,-0.3523045227183234,-0.22793729103153662,-0.4755563543407302,1.3330429416641303,0.0,-0.28015074233403564,-0.035444060250416784,-0.25871684190211097,1
-0.06224373083343811,-1.1182349833475154,-0.06089494691120214,0.7420132462345592,-0.3523045227183234,-0.22793729103153662,-0.4755563543407302,1.3330429416641303,0.0,-0.28015074233403564,-0.035444060250416784,-0.25871684190211097,1
-0.06224373083343811,-0.5787226196925975,-0.0932754237675271,0.7420132462345592,-0.3523045227183234,-0.1475512178606752,-0.4755563543407302,-0.7501633808972655,0.0,-0.28015074233403564,-0.035444060250416784,-0.25871684190211097,1
-0.03431797207741481,-0.4196356406661474,-0.15803637748017701,0.7420132462345592,-0.3523045227183234,0.0,-0.4755563543407302,-0.7501633808972655,0.0,-0.28015074233403564,-0.035444060250416784,-0.25871684190211097,1
-0.03431797207741481,-0.2536318364646342,-0.06089494691120214,-1.3476848359171851,-0.3523045227183234,0.12040235937552941,-0.4755563543407302,-0.7501633808972655,0.0,-0.28015074233403564,-0.035444060250416784,-0.25871684190211097,1
-0.06224373083343811,0.5971376600681206,-0.12565590062385207,0.7420132462345592,-0.3523045227183234,-0.22793729103153662,-0.4755563543407302,1.3330429416641303,0.0,-0.28015074233403564,-0.035444060250416784,-0.25871684190211097,1
-0.06224373083343811,0.406924967753887,-0.06089494691120214,0.7420132462345592,-0.3523045227183234,-0.12075586013705475,-0.4755563543407302,-0.7501633808972655,0.0,-0.28015074233403564,-0.035444060250416784,-0.25871684190211097,1
-0.06224373083343811,0.16483608662668023,-0.0932754237675271,0.7420132462345592,2.838453484173765,0.040016286204668024,-0.4755563543407302,-0.7501633808972655,0.0,-0.28015074233403564,-0.035444060250416784,-0.25871684190211097,1
-0.06224373083343811,-0.30204961269007563,-0.10946566219568958,0.7420132462345592,-0.3523045227183234,-0.22793729103153662,-0.4755563543407302,-0.7501633808972655,0.0,-0.28015074233403564,-0.035444060250416784,-0.25871684190211097,1
-0.06224373083343811,-1.180486409923083,-0.10946566219568958,0.7420132462345592,-0.3523045227183234,-0.22793729103153662,-0.4755563543407302,1.3330429416641303,0.0,-0.28015074233403564,-0.035444060250416784,-0.25871684190211097,1
-0.06224373083343811,1.3026538279245519,-0.07708518533936462,0.7420132462345592,-0.3523045227183234,0.1471977170991499,-0.4755563543407302,1.3330429416641303,0.0,-0.28015074233403564,-0.035444060250416784,-0.25871684190211097,1
-0.06224373083343811,-0.21558929800178744,-0.07708518533936462,-1.3476848359171851,-0.3523045227183234,0.013220928481047563,-0.4755563543407302,-0.7501633808972655,0.0,3.569506872152626,-0.035444060250416784,-0.25871684190211097,1
-0.06224373083343811,-0.6063899203928498,-0.10946566219568958,0.7420132462345592,-0.3523045227183234,0.22758379027001127,-0.4755563543407302,1.3330429416641303,0.0,-0.28015074233403564,-0.035444060250416784,-0.25871684190211097,1
-0.06224373083343811,2.011628408368514,-0.0932754237675271,0.7420132462345592,-0.3523045227183234,-0.22793729103153662,-0.4755563543407302,1.3330429416641303,0.0,-0.28015074233403564,-0.035444060250416784,-0.25871684190211097,1
-0.06224373083343811,1.86637507969219,-0.0932754237675271,0.7420132462345592,-0.3523045227183234,-0.22793729103153662,-0.4755563543407302,1.3330429416641303,0.0,-0.28015074233403564,-0.035444060250416784,-0.25871684190211097,1
-0.06224373083343811,0.8668938418955798,-0.06089494691120214,0.7420132462345592,-0.3523045227183234,-0.22793729103153662,-0.4755563543407302,-0.7501633808972655,0.0,-0.28015074233403564,-0.035444060250416784,-0.25871684190211097,1
-0.06224373083343811,0.07837577193839204,-0.12565590062385207,0.7420132462345592,2.838453484173765,0.013220928481047563,-0.4755563543407302,-0.7501633808972655,0.0,-0.28015074233403564,-0.035444060250416784,-0.25871684190211097,1
-0.006392213321391517,0.835768128607796,-0.10946566219568958,0.7420132462345592,-0.3523045227183234,0.33476522116449314,-0.4755563543407302,-0.7501633808972655,0.0,-0.28015074233403564,-0.035444060250416784,-0.25871684190211097,1
-0.006392213321391517,0.6178881355933098,0.020056245229610258,0.7420132462345592,-0.3523045227183234,0.17399307482277035,-0.4755563543407302,-0.7501633808972655,0.0,-0.28015074233403564,-0.035444060250416784,-0.25871684190211097,1
-0.06224373083343811,-0.025376605687553597,-0.07708518533936462,0.7420132462345592,-0.3523045227183234,-0.09396050241343429,2.1028002062685345,-0.7501633808972655,0.0,-0.28015074233403564,-0.035444060250416784,-0.25871684190211097,1
-0.06224373083343811,1.074398597147471,-0.0123242316267147,-1.3476848359171851,-0.3523045227183234,-0.040369786966193366,2.1028002062685345,1.3330429416641303,0.0,-0.28015074233403564,-0.035444060250416784,-0.25871684190211097,1
-0.06224373083343811,1.9701274573181358,-0.15803637748017701,0.7420132462345592,2.838453484173765,-0.06716514468981383,-0.4755563543407302,1.3330429416641303,0.0,-0.28015074233403564,-0.035444060250416784,-0.25871684190211097,1
0.5800487205550977,2.0635045971814874,-0.14184613905201454,-1.3476848359171851,-0.3523045227183234,0.09360700165190895,-0.4755563543407302,-0.7501633808972655,0.0,3.569506872152626,-0.035444060250416784,-0.25871684190211097,1
-0.06224373083343811,1.309570653099615,-0.07708518533936462,-1.3476848359171851,-0.3523045227183234,-0.22793729103153662,-0.4755563543407302,1.3330429416641303,0.0,-0.28015074233403564,-0.035444060250416784,-0.25871684190211097,1
-0.06224373083343811,-0.21904771058931896,-0.15803637748017701,0.7420132462345592,-0.3523045227183234,-0.12075586013705475,-0.4755563543407302,-0.7501633808972655,0.0,-0.28015074233403564,-0.035444060250416784,-0.25871684190211097,1
-0.06224373083343811,-0.9522311791460023,-0.10946566219568958,0.7420132462345592,-0.3523045227183234,-0.22793729103153662,-0.4755563543407302,-0.7501633808972655,0.0,-0.28015074233403564,-0.035444060250416784,-0.25871684190211097,1
-0.06224373083343811,2.008169995780983,-0.04470470848303966,0.7420132462345592,-0.3523045227183234,-0.0135744292425729,-0.4755563543407302,-0.7501633808972655,0.0,-0.28015074233403564,-0.035444060250416784,-0.25871684190211097,1
-0.06224373083343811,0.8703522544831114,-0.0123242316267147,0.7420132462345592,-0.3523045227183234,-0.22793729103153662,-0.4755563543407302,1.3330429416641303,0.0,-0.28015074233403564,-0.035444060250416784,-0.25871684190211097,1
-0.06224373083343811,2.0462125342438293,-0.07708518533936462,0.7420132462345592,-0.3523045227183234,18.52881311550279,-0.4755563543407302,1.3330429416641303,0.0,-0.28015074233403564,-0.035444060250416784,-0.25871684190211097,1
-0.06224373083343811,0.8703522544831114,-0.0932754237675271,-1.3476848359171851,-0.3523045227183234,13.169741570778696,-0.4755563543407302,-0.7501633808972655,0.0,-0.28015074233403564,-0.035444060250416784,-0.25871684190211097,1
-0.03431797207741481,-0.2743823119898234,-0.06089494691120214,-1.3476848359171851,-0.3523045227183234,-0.06716514468981383,-0.4755563543407302,-0.7501633808972655,0.0,3.569506872152626,-0.035444060250416784,-0.25871684190211097,1
-0.06224373083343811,-0.35046738891551704,-0.15803637748017701,0.7420132462345592,-0.3523045227183234,-0.22793729103153662,-0.4755563543407302,-0.7501633808972655,0.0,-0.28015074233403564,-0.035444060250416784,-0.25871684190211097,1
-0.06224373083343811,-1.2150705357983982,-0.0123242316267147,0.7420132462345592,-0.3523045227183234,0.441946652058975,-0.4755563543407302,1.3330429416641303,0.0,-0.28015074233403564,-0.035444060250416784,-0.25871684190211097,1
0.0,2.0427541216562983,-0.0932754237675271,0.7420132462345592,-0.3523045227183234,-0.22793729103153662,-0.4755563543407302,-0.7501633808972655,0.0,-0.28015074233403564,-0.035444060250416784,-0.25871684190211097,1
-0.06224373083343811,-1.1701111721604884,-0.07708518533936462,-1.3476848359171851,-0.3523045227183234,-0.22793729103153662,-0.4755563543407302,1.3330429416641303,0.0,-0.28015074233403564,-0.035444060250416784,-0.25871684190211097,1
-0.006392213321391517,-0.04958549380027429,-0.07708518533936462,0.7420132462345592,2.838453484173765,0.3079698634408727,-0.4755563543407302,-0.7501633808972655,0.0,-0.28015074233403564,-0.035444060250416784,-0.25871684190211097,1
-0.06224373083343811,-0.37813468961576924,-0.10946566219568958,-1.3476848359171851,-0.3523045227183234,0.0,-0.4755563543407302,-0.7501633808972655,0.0,-0.28015074233403564,-0.035444060250416784,-0.25871684190211097,1
-0.06224373083343811,1.0294392335095612,0.0,0.7420132462345592,-0.3523045227183234,-0.22793729103153662,-0.4755563543407302,-0.7501633808972655,0.0,-0.28015074233403564,-0.035444060250416784,-0.25871684190211097,1
-0.06224373083343811,-1.1666527595729568,0.052436722085935215,-1.3476848359171851,2.838453484173765,0.013220928481047563,-0.4755563543407302,1.3330429416641303,0.0,-0.28015074233403564,-0.035444060250416784,-0.25871684190211097,1
-0.06224373083343811,-0.3400921511529224,-0.02851447005487718,0.7420132462345592,-0.3523045227183234,-0.22793729103153662,-0.4755563543407302,-0.7501633808972655,0.0,-0.28015074233403564,-0.035444060250416784,-0.25871684190211097,1
-0.06224373083343811,1.2404024013489845,-0.14184613905201454,0.7420132462345592,-0.3523045227183234,0.0,-0.4755563543407302,1.3330429416641303,0.0,-0.28015074233403564,-0.035444060250416784,-0.25871684190211097,1
-0.06224373083343811,-0.8623124518701827,-0.02851447005487718,-1.3476848359171851,-0.3523045227183234,-0.22793729103153662,-0.4755563543407302,1.3330429416641303,0.0,-0.28015074233403564,-0.035444060250416784,-0.25871684190211097,1
-0.03431797207741481,0.5314278209050219,-0.02851447005487718,0.7420132462345592,-0.3523045227183234,-0.09396050241343429,2.1028002062685345,-0.7501633808972655,0.0,-0.28015074233403564,-0.035444060250416784,-0.25871684190211097,1
-0.06224373083343811,-0.547596906404814,-0.0932754237675271,0.7420132462345592,-0.3523045227183234,-0.22793729103153662,-0.4755563543407302,1.3330429416641303,0.0,-0.28015074233403564,-0.035444060250416784,-0.25871684190211097,1
-0.06224373083343811,1.0363560586846243,-0.10946566219568958,0.7420132462345592,2.838453484173765,-0.0135744292425729,-0.4755563543407302,-0.7501633808972655,0.0,-0.28015074233403564,-0.035444060250416784,-0.25871684190211097,1
-0.06224373083343811,-0.6513492840307596,-0.12565590062385207,0.7420132462345592,2.838453484173765,0.013220928481047563,-0.4755563543407302,1.3330429416641303,0.0,-0.28015074233403564,-0.035444060250416784,-0.25871684190211097,1
-0.06224373083343811,-0.640974046268165,0.003866006801447779,0.7420132462345592,-0.3523045227183234,-0.22793729103153662,2.1028002062685345,1.3330429416641303,0.0,-0.28015074233403564,-0.035444060250416784,-0.25871684190211097,1
-0.06224373083343811,-1.0871092700597316,-0.04470470848303966,0.7420132462345592,-0.3523045227183234,-0.22793729103153662,2.1028002062685345,1.3330429416641303,0.0,-0.28015074233403564,-0.035444060250416784,-0.25871684190211097,1
-0.06224373083343811,-0.547596906404814,-0.06089494691120214,0.7420132462345592,-0.3523045227183234,-0.22793729103153662,-0.4755563543407302,1.3330429416641303,0.0,-0.28015074233403564,-0.035444060250416784,-0.25871684190211097,1
-0.06224373083343811,-1.0317746686592275,-0.0932754237675271,-1.3476848359171851,-0.3523045227183234,0.013220928481047563,2.1028002062685345,-0.7501633808972655,0.0,-0.28015074233403564,-0.035444060250416784,-0.25871684190211097,1
-0.06224373083343811,0.9706462195215256,-0.0932754237675271,0.7420132462345592,-0.3523045227183234,-0.22793729103153662,-0.4755563543407302,-0.7501633808972655,0.0,-0.28015074233403564,-0.035444060250416784,-0.25871684190211097,1
-0.06224373083343811,1.5585763594018847,-0.15803637748017701,0.7420132462345592,2.838453484173765,0.12040235937552941,-0.4755563543407302,-0.7501633808972655,0.0,-0.28015074233403564,-0.035444060250416784,-0.25871684190211097,1
-0.06224373083343811,1.1816093873609483,-0.14184613905201454,0.7420132462345592,-0.3523045227183234,-0.20114193330791613,-0.4755563543407302,-0.7501633808972655,0.0,-0.28015074233403564,-0.035444060250416784,-0.25871684190211097,1
-0.06224373083343811,0.8288513034327329,-0.07708518533936462,0.7420132462345592,-0.3523045227183234,-0.22793729103153662,-0.4755563543407302,-0.7501633808972655,0.0,-0.28015074233403564,-0.035444060250416784,-0.25871684190211097,1
-0.06224373083343811,-0.6893918224936063,-0.10946566219568958,0.7420132462345592,-0.3523045227183234,-0.22793729103153662,-0.4755563543407302,-0.7501633808972655,0.0,-0.28015074233403564,-0.035444060250416784,-0.25871684190211097,1
-0.06224373083343811,-1.1078597455849208,-0.0123242316267147,0.7420132462345592,-0.3523045227183234,-0.22793729103153662,-0.4755563543407302,1.3330429416641303,0.0,-0.28015074233403564,-0.035444060250416784,-0.25871684190211097,1
-0.06224373083343811,0.3688824292910402,-0.02851447005487718,0.7420132462345592,-0.3523045227183234,0.0,-0.4755563543407302,-0.7501633808972655,0.0,-0.28015074233403564,-0.035444060250416784,-0.25871684190211097,1
-0.06224373083343811,-1.246196249086182,-0.12565590062385207,0.7420132462345592,-0.3523045227183234,-0.0135744292425729,-0.4755563543407302,1.3330429416641303,0.0,-0.28015074233403564,-0.035444060250416784,-0.25871684190211097,1
-0.06224373083343811,-1.0801924448846687,-0.0123242316267147,-1.3476848359171851,-0.3523045227183234,-0.06716514468981383,-0.4755563543407302,-0.7501633808972655,0.0,3.569506872152626,-0.035444060250416784,3.865229618017538,1
-0.06224373083343811,-0.910730228095624,-0.12565590062385207,0.7420132462345592,2.838453484173765,0.013220928481047563,-0.4755563543407302,1.3330429416641303,0.0,-0.28015074233403564,-0.035444060250416784,-0.25871684190211097,1
-0.06224373083343811,-1.1701111721604884,-0.10946566219568958,-1.3476848359171851,-0.3523045227183234,-0.22793729103153662,-0.4755563543407302,1.3330429416641303,0.0,-0.28015074233403564,-0.035444060250416784,-0.25871684190211097,1
-0.06224373083343811,1.9805026950807307,-0.15803637748017701,0.7420132462345592,-0.3523045227183234,-0.22793729103153662,-0.4755563543407302,-0.7501633808972655,0.0,-0.28015074233403564,-0.035444060250416784,-0.25871684190211097,1
-0.06224373083343811,-0.838103563757462,-0.06089494691120214,0.7420132462345592,-0.3523045227183234,0.06681164392828849,-0.4755563543407302,1.3330429416641303,0.0,-0.28015074233403564,-0.035444060250416784,-0.25871684190211097,1
0.0,1.2680697020492366,-0.14184613905201454,-1.3476848359171851,-0.3523045227183234,-0.22793729103153662,-0.4755563543407302,-0.7501633808972655,0.0,-0.28015074233403564,-0.035444060250416784,-0.25871684190211097,1
-0.06224373083343811,1.86637507969219,-0.07708518533936462,-1.3476848359171851,-0.3523045227183234,-0.22793729103153662,-0.4755563543407302,1.3330429416641303,0.0,-0.28015074233403564,-0.035444060250416784,-0.25871684190211097,1
-0.06224373083343811,0.7562246390945709,-0.04470470848303966,0.7420132462345592,-0.3523045227183234,-0.22793729103153662,2.1028002062685345,-0.7501633808972655,0.0,-0.28015074233403564,-0.035444060250416784,-0.25871684190211097,1
-0.06224373083343811,0.5487198838426797,-0.0932754237675271,-1.3476848359171851,-0.3523045227183234,-0.12075586013705475,-0.4755563543407302,1.3330429416641303,0.0,-0.28015074233403564,-0.035444060250416784,-0.25871684190211097,1
-0.06224373083343811,1.897500792979974,-0.12565590062385207,0.7420132462345592,-0.3523045227183234,-0.09396050241343429,-0.4755563543407302,-0.7501633808972655,0.0,-0.28015074233403564,-0.035444060250416784,-0.25871684190211097,1
-0.06224373083343811,-1.9198046416654817e-16,-0.12565590062385207,0.7420132462345592,-0.3523045227183234,-0.22793729103153662,-0.4755563543407302,1.3330429416641303,0.0,-0.28015074233403564,-0.035444060250416784,-0.25871684190211097,1
-0.06224373083343811,-0.9591480043210653,-0.07708518533936462,0.7420132462345592,-0.3523045227183234,-0.22793729103153662,-0.4755563543407302,1.3330429416641303,0.0,-0.28015074233403564,-0.035444060250416784,-0.25871684190211097,1
-0.06224373083343811,-0.025376605687553597,-0.15803637748017701,0.7420132462345592,-0.3523045227183234,-0.20114193330791613,2.1028002062685345,1.3330429416641303,0.0,-0.28015074233403564,-0.035444060250416784,-0.25871684190211097,1
-0.06224373083343811,0.4968436950297067,-0.14184613905201454,0.7420132462345592,-0.3523045227183234,-0.040369786966193366,-0.4755563543407302,-0.7501633808972655,0.0,-0.28015074233403564,-0.035444060250416784,-0.25871684190211097,1
-0.06224373083343811,-0.6167651581554444,-0.14184613905201454,0.7420132462345592,-0.3523045227183234,-0.22793729103153662,-0.4755563543407302,-0.7501633808972655,0.0,-0.28015074233403564,-0.035444060250416784,-0.25871684190211097,1
0.04945930419065508,-0.22250612317685048,-0.1742266159083395,0.7420132462345592,-0.3523045227183234,-0.12075586013705475,-0.4755563543407302,-0.7501633808972655,0.0,-0.28015074233403564,-0.035444060250416784,-0.25871684190211097,1
-0.03431797207741481,1.8006652405290913,-0.04470470848303966,-1.3476848359171851,-0.3523045227183234,0.3615605788881136,-0.4755563543407302,-0.7501633808972655,0.0,-0.28015074233403564,-0.035444060250416784,3.865229618017538,1
-0.06224373083343811,-0.8934381651579665,-0.0932754237675271,0.7420132462345592,-0.3523045227183234,-0.22793729103153662,-0.4755563543407302,1.3330429416641303,0.0,-0.28015074233403564,-0.035444060250416784,-0.25871684190211097,1
-0.06224373083343811,-0.9556895917335338,-0.10946566219568958,0.7420132462345592,-0.3523045227183234,-0.22793729103153662,-0.4755563543407302,1.3330429416641303,0.0,-0.28015074233403564,-0.035444060250416784,-0.25871684190211097,1
-0.06224373083343811,-1.055983556771948,-0.12565590062385207,0.7420132462345592,-0.3523045227183234,-0.12075586013705475,-0.4755563543407302,-0.7501633808972655,0.0,-0.28015074233403564,-0.035444060250416784,-0.25871684190211097,1
-0.06224373083343811,1.7799147650039022,-0.12565590062385207,0.7420132462345592,-0.3523045227183234,-0.09396050241343429,-0.4755563543407302,-0.7501633808972655,0.0,-0.28015074233403564,-0.035444060250416784,-0.25871684190211097,1
-0.06224373083343811,-1.9198046416654817e-16,-0.10946566219568958,-1.3476848359171851,-0.3523045227183234,0.040016286204668024,-0.4755563543407302,-0.7501633808972655,0.0,-0.28015074233403564,-0.035444060250416784,-0.25871684190211097,1
-0.06224373083343811,-0.7274343609564532,-0.15803637748017701,0.7420132462345592,-0.3523045227183234,-0.22793729103153662,-0.4755563543407302,-0.7501633808972655,0.0,-0.28015074233403564,-0.035444060250416784,-0.25871684190211097,1
-0.06224373083343811,-0.09800327002571568,-0.14184613905201454,0.7420132462345592,-0.3523045227183234,-0.0135744292425729,-0.4755563543407302,-0.7501633808972655,0.0,-0.28015074233403564,-0.035444060250416784,-0.25871684190211097,1
-0.06224373083343811,-1.2046952980358037,-0.15803637748017701,0.7420132462345592,-0.3523045227183234,-0.22793729103153662,-0.4755563543407302,1.3330429416641303,0.0,-0.28015074233403564,-0.035444060250416784,-0.25871684190211097,1
-0.006392213321391517,1.4064062055504978,-0.14184613905201454,-1.3476848359171851,-0.3523045227183234,0.33476522116449314,-0.4755563543407302,-0.7501633808972655,0.0,-0.28015074233403564,-0.035444060250416784,-0.25871684190211097,1
-0.06224373083343811,1.9251680936802262,-0.12565590062385207,0.7420132462345592,-0.3523045227183234,-0.22793729103153662,-0.4755563543407302,1.3330429416641303,0.0,-0.28015074233403564,-0.035444060250416784,-0.25871684190211097,1
-0.06224373083343811,0.22362910061471622,-0.12565590062385207,0.7420132462345592,-0.3523045227183234,-0.22793729103153662,-0.4755563543407302,-0.7501633808972655,0.0,-0.28015074233403564,-0.035444060250416784,-0.25871684190211097,1
-0.06224373083343811,-1.1631943469854253,-0.06089494691120214,0.7420132462345592,-0.3523045227183234,-0.22793729103153662,-0.4755563543407302,1.3330429416641303,0.0,-0.28015074233403564,-0.035444060250416784,-0.25871684190211097,1
-0.06224373083343811,0.7423909887444448,-0.06089494691120214,-1.3476848359171851,-0.3523045227183234,-0.22793729103153662,-0.4755563543407302,1.3330429416641303,0.0,-0.28015074233403564,-0.035444060250416784,-0.25871684190211097,1
-0.06224373083343811,-0.49226230500430945,-0.12565590062385207,0.7420132462345592,-0.3523045227183234,-0.22793729103153662,-0.4755563543407302,-0.7501633808972655,0.0,-0.28015074233403564,-0.035444060250416784,-0.25871684190211097,1
-0.06224373083343811,1.9701274573181358,-0.12565590062385207,0.7420132462345592,-0.3523045227183234,-0.22793729103153662,-0.4755563543407302,-0.7501633808972655,0.0,-0.28015074233403564,-0.035444060250416784,-0.25871684190211097,1
-0.06224373083343811,0.34121512859078795,-0.0932754237675271,0.7420132462345592,2.838453484173765,0.06681164392828849,-0.4755563543407302,-0.7501633808972655,0.0,-0.28015074233403564,-0.035444060250416784,-0.25871684190211097,1
-0.03431797207741481,-0.9695232420836599,-0.12565590062385207,-1.3476848359171851,-0.3523045227183234,-0.22793729103153662,-0.4755563543407302,-0.7501633808972655,0.0,-0.28015074233403564,-0.035444060250416784,-0.25871684190211097,1
-0.06224373083343811,1.9147928559176315,-0.12565590062385207,0.7420132462345592,-0.3523045227183234,-0.22793729103153662,-0.4755563543407302,1.3330429416641303,0.0,-0.28015074233403564,-0.035444060250416784,-0.25871684190211097,1
-0.06224373083343811,-1.2427378364986503,-0.15803637748017701,-1.3476848359171851,-0.3523045227183234,-0.1475512178606752,-0.4755563543407302,1.3330429416641303,0.0,-0.28015074233403564,-0.035444060250416784,-0.25871684190211097,1
-0.06224373083343811,0.6351801985309674,0.036246483657772735,0.7420132462345592,-0.3523045227183234,-0.22793729103153662,-0.4755563543407302,-0.7501633808972655,0.0,-0.28015074233403564,-0.035444060250416784,-0.25871684190211097,1
-0.06224373083343811,-0.7343511861315162,0.036246483657772735,0.7420132462345592,-0.3523045227183234,-0.22793729103153662,-0.4755563543407302,-0.7501633808972655,0.0,-0.28015074233403564,-0.035444060250416784,-0.25871684190211097,1
-0.06224373083343811,-0.44038611619133655,-0.10946566219568958,0.7420132462345592,-0.3523045227183234,-0.22793729103153662,2.1028002062685345,1.3330429416641303,0.0,-0.28015074233403564,-0.035444060250416784,-0.25871684190211097,1
-0.06224373083343811,-1.2704051371989027,-0.10946566219568958,0.7420132462345592,-0.3523045227183234,-0.22793729103153662,-0.4755563543407302,1.3330429416641303,0.0,-0.28015074233403564,-0.035444060250416784,-0.25871684190211097,1
-0.03431797207741481,-0.284757549752418,-0.10946566219568958,0.7420132462345592,-0.3523045227183234,-0.22793729103153662,-0.4755563543407302,1.3330429416641303,0.0,-0.28015074233403564,-0.035444060250416784,-0.25871684190211097,1
-0.06224373083343811,2.0392957090687664,-0.0932754237675271,0.7420132462345592,-0.3523045227183234,-0.09396050241343429,-0.4755563543407302,1.3330429416641303,0.0,-0.28015074233403564,-0.035444060250416784,-0.25871684190211097,1
-0.06224373083343811,-0.7101422980187955,-0.06089494691120214,0.7420132462345592,-0.3523045227183234,-0.22793729103153662,-0.4755563543407302,1.3330429416641303,0.0,-0.28015074233403564,-0.035444060250416784,-0.25871684190211097,1
-0.06224373083343811,1.4133230307255609,-0.10946566219568958,0.7420132462345592,-0.3523045227183234,-0.0135744292425729,-0.4755563543407302,-0.7501633808972655,0.0,-0.28015074233403564,-0.035444060250416784,-0.25871684190211097,1
-0.06224373083343811,0.2340043383773108,-0.06089494691120214,0.7420132462345592,-0.3523045227183234,0.013220928481047563,2.1028002062685345,1.3330429416641303,0.0,-0.28015074233403564,-0.035444060250416784,-0.25871684190211097,1
-0.06224373083343811,-0.08416961967558957,-0.02851447005487718,-1.3476848359171851,-0.3523045227183234,-0.09396050241343429,2.1028002062685345,1.3330429416641303,0.0,-0.28015074233403564,-0.035444060250416784,-0.25871684190211097,1
-0.06224373083343811,-0.07033596932546346,0.0,0.7420132462345592,-0.3523045227183234,-0.09396050241343429,-0.4755563543407302,1.3330429416641303,0.0,-0.28015074233403564,-0.035444060250416784,-0.25871684190211097,1
-0.06224373083343811,0.3446735411783195,-0.12565590062385207,-1.3476848359171851,-0.3523045227183234,0.09360700165190895,-0.4755563543407302,-0.7501633808972655,0.0,3.569506872152626,-0.035444060250416784,-0.25871684190211097,1
-0.06224373083343811,-0.2951327875150126,-0.12565590062385207,0.7420132462345592,-0.3523045227183234,-0.22793729103153662,-0.4755563543407302,-0.7501633808972655,0.0,-0.28015074233403564,-0.035444060250416784,-0.25871684190211097,1
-0.006392213321391517,-0.6063899203928498,-0.02851447005487718,-1.3476848359171851,-0.3523045227183234,0.17399307482277035,-0.4755563543407302,-0.7501633808972655,0.0,-0.28015074233403564,-0.035444060250416784,-0.25871684190211097,1
0.04945930419065508,0.586762422305526,-0.07708518533936462,-1.3476848359171851,-0.3523045227183234,0.4955373675062159,-0.4755563543407302,-0.7501633808972655,0.0,-0.28015074233403564,-0.035444060250416784,3.865229618017538,1
-0.06224373083343811,0.7112652754566611,0.036246483657772735,0.7420132462345592,-0.3523045227183234,-0.22793729103153662,-0.4755563543407302,-0.7501633808972655,0.0,-0.28015074233403564,-0.035444060250416784,-0.25871684190211097,1
-0.06224373083343811,-1.0836508574722001,10.511330746678897,0.7420132462345592,-0.3523045227183234,-0.22793729103153662,-0.4755563543407302,-0.7501633808972655,0.0,-0.28015074233403564,-0.035444060250416784,-0.25871684190211097,1
-0.06224373083343811,0.18904497473940093,-0.14184613905201454,0.7420132462345592,-0.3523045227183234,0.441946652058975,-0.4755563543407302,-0.7501633808972655,0.0,3.569506872152626,-0.035444060250416784,-0.25871684190211097,1
-0.06224373083343811,-1.12861022111011,-0.12565590062385207,-1.3476848359171851,-0.3523045227183234,-0.0135744292425729,-0.4755563543407302,-0.7501633808972655,0.0,-0.28015074233403564,-0.035444060250416784,-0.25871684190211097,1
-0.006392213321391517,0.0852925971134551,-0.06089494691120214,-1.3476848359171851,-0.3523045227183234,-0.22793729103153662,-0.4755563543407302,1.3330429416641303,0.0,-0.28015074233403564,-0.035444060250416784,-0.25871684190211097,1
-0.06224373083343811,0.7562246390945709,-0.07708518533936462,0.7420132462345592,-0.3523045227183234,0.013220928481047563,-0.4755563543407302,-0.7501633808972655,0.0,-0.28015074233403564,-0.035444060250416784,-0.25871684190211097,1
-0.06224373083343811,-0.25017342387710273,-0.10946566219568958,-1.3476848359171851,-0.3523045227183234,0.0,-0.4755563543407302,1.3330429416641303,0.0,-0.28015074233403564,-0.035444060250416784,-0.25871684190211097,1
-0.03431797207741481,-0.5925562700427237,-0.0932754237675271,-1.3476848359171851,-0.3523045227183234,0.013220928481047563,-0.4755563543407302,1.3330429416641303,0.0,3.569506872152626,-0.035444060250416784,-0.25871684190211097,1
-0.06224373083343811,0.6213465481808413,-0.14184613905201454,0.7420132462345592,-0.3523045227183234,-0.22793729103153662,-0.4755563543407302,-0.7501633808972655,0.0,-0.28015074233403564,-0.035444060250416784,-0.25871684190211097,1
-0.03431797207741481,-0.9798984798462544,-0.0123242316267147,0.7420132462345592,-0.3523045227183234,0.17399307482277035,-0.4755563543407302,-0.7501633808972655,0.0,-0.28015074233403564,-0.035444060250416784,3.865229618017538,1
-0.06224373083343811,-1.0456083190093532,0.036246483657772735,-1.3476848359171851,-0.3523045227183234,0.2811745057172522,-0.4755563543407302,-0.7501633808972655,0.0,-0.28015074233403564,-0.035444060250416784,-0.25871684190211097,1
-0.06224373083343811,1.6969128629031458,-0.1742266159083395,-1.3476848359171851,-0.3523045227183234,-0.22793729103153662,-0.4755563543407302,1.3330429416641303,0.0,-0.28015074233403564,-0.035444060250416784,-0.25871684190211097,1
-0.06224373083343811,2.0704214223565507,-0.07708518533936462,0.7420132462345592,-0.3523045227183234,-0.06716514468981383,-0.4755563543407302,-0.7501633808972655,0.0,-0.28015074233403564,-0.035444060250416784,-0.25871684190211097,1
-0.06224373083343811,1.9528353943804786,-0.06089494691120214,0.7420132462345592,2.838453484173765,0.2007884325463908,-0.4755563543407302,-0.7501633808972655,0.0,-0.28015074233403564,-0.035444060250416784,-0.25871684190211097,1
-0.06224373083343811,2.0427541216562983,-0.14184613905201454,0.7420132462345592,-0.3523045227183234,-0.22793729103153662,-0.4755563543407302,-0.7501633808972655,0.0,-0.28015074233403564,-0.035444060250416784,-0.25871684190211097,1
0.04945930419065508,-0.5233880182920932,-0.04470470848303966,-1.3476848359171851,-0.3523045227183234,-0.22793729103153662,-0.4755563543407302,-0.7501633808972655,0.0,-0.28015074233403564,-0.035444060250416784,-0.25871684190211097,1
-0.06224373083343811,-0.5406800812297509,-0.14184613905201454,0.7420132462345592,-0.3523045227183234,-0.040369786966193366,-0.4755563543407302,1.3330429416641303,0.0,-0.28015074233403564,-0.035444060250416784,-0.25871684190211097,1
-0.06224373083343811,0.8703522544831114,-0.06089494691120214,0.7420132462345592,-0.3523045227183234,-0.22793729103153662,-0.4755563543407302,1.3330429416641303,0.0,-0.28015074233403564,-0.035444060250416784,-0.25871684190211097,1
-0.06224373083343811,1.994336345430857,-0.07708518533936462,0.7420132462345592,2.838453484173765,0.09360700165190895,-0.4755563543407302,1.3330429416641303,0.0,-0.28015074233403564,-0.035444060250416784,-0.25871684190211097,1
-0.06224373083343811,0.5348862334925535,-0.14184613905201454,0.7420132462345592,-0.3523045227183234,-0.040369786966193366,-0.4755563543407302,-0.7501633808972655,0.0,-0.28015074233403564,-0.035444060250416784,-0.25871684190211097,1
-0.06224373083343811,-0.48880389241677796,-0.04470470848303966,0.7420132462345592,-0.3523045227183234,-0.22793729103153662,2.1028002062685345,1.3330429416641303,0.0,-0.28015074233403564,-0.035444060250416784,-0.25871684190211097,1
-0.06224373083343811,-0.39196833996589536,-0.06089494691120214,0.7420132462345592,-0.3523045227183234,-0.22793729103153662,-0.4755563543407302,1.3330429416641303,0.0,-0.28015074233403564,-0.035444060250416784,-0.25871684190211097,1
-0.06224373083343811,-0.7620184868317684,0.0,0.7420132462345592,-0.3523045227183234,0.09360700165190895,-0.4755563543407302,1.3330429416641303,0.0,-0.28015074233403564,-0.035444060250416784,-0.25871684190211097,1
-0.006392213321391517,-1.0041073679589751,0.020056245229610258,-1.3476848359171851,-0.3523045227183234,0.2007884325463908,-0.4755563543407302,-0.7501633808972655,0.0,-0.28015074233403564,-0.035444060250416784,-0.25871684190211097,1
-0.06224373083343811,-1.9198046416654817e-16,-0.10946566219568958,0.7420132462345592,-0.3523045227183234,-0.22793729103153662,-0.4755563543407302,1.3330429416641303,0.0,-0.28015074233403564,-0.035444060250416784,-0.25871684190211097,1
-0.06224373083343811,-1.1666527595729568,-0.07708518533936462,0.7420132462345592,-0.3523045227183234,-0.22793729103153662,-0.4755563543407302,1.3330429416641303,0.0,-0.28015074233403564,-0.035444060250416784,-0.25871684190211097,1
0.02153354543463178,-1.9198046416654817e-16,-0.14184613905201454,0.7420132462345592,-0.3523045227183234,-0.22793729103153662,-0.4755563543407302,1.3330429416641303,0.0,-0.28015074233403564,-0.035444060250416784,-0.25871684190211097,1
-0.006392213321391517,0.9498957439963365,-0.0932754237675271,0.7420132462345592,-0.3523045227183234,-0.22793729103153662,-0.4755563543407302,-0.7501633808972655,0.0,-0.28015074233403564,-0.035444060250416784,-0.25871684190211097,1
-0.06224373083343811,0.3827160796411663,-0.14184613905201454,0.7420132462345592,-0.3523045227183234,-0.0135744292425729,-0.4755563543407302,-0.7501633808972655,0.0,-0.28015074233403564,-0.035444060250416784,-0.25871684190211097,1
-0.06224373083343811,0.9913966950467148,-0.14184613905201454,-1.3476848359171851,-0.3523045227183234,-0.12075586013705475,2.1028002062685345,-0.7501633808972655,0.0,-0.28015074233403564,-0.035444060250416784,-0.25871684190211097,1
-0.06224373083343811,-0.6305988085055705,-0.07708518533936462,0.7420132462345592,-0.3523045227183234,-0.22793729103153662,-0.4755563543407302,-0.7501633808972655,0.0,-0.28015074233403564,-0.035444060250416784,-0.25871684190211097,1
-0.06224373083343811,0.38963290481622936,-0.06089494691120214,-1.3476848359171851,-0.3523045227183234,-0.040369786966193366,2.1028002062685345,1.3330429416641303,0.0,-0.28015074233403564,-0.035444060250416784,-0.25871684190211097,1
-0.06224373083343811,-1.2738635497864341,-0.0932754237675271,-1.3476848359171851,-0.3523045227183234,0.22758379027001127,-0.4755563543407302,1.3330429416641303,0.0,3.569506872152626,-0.035444060250416784,-0.25871684190211097,1
-0.06224373083343811,-0.6305988085055705,-0.14184613905201454,0.7420132462345592,-0.3523045227183234,-0.22793729103153662,-0.4755563543407302,1.3330429416641303,0.0,-0.28015074233403564,-0.035444060250416784,-0.25871684190211097,1
-0.06224373083343811,-1.9198046416654817e-16,-0.0932754237675271,0.7420132462345592,-0.3523045227183234,-0.09396050241343429,-0.4755563543407302,-0.7501633808972655,0.0,-0.28015074233403564,-0.035444060250416784,-0.25871684190211097,1
-0.06224373083343811,-0.7896857875320207,-0.10946566219568958,0.7420132462345592,-0.3523045227183234,-0.22793729103153662,-0.4755563543407302,-0.7501633808972655,0.0,-0.28015074233403564,-0.035444060250416784,-0.25871684190211097,1
0.27286537423884144,-1.0456083190093532,0.0,-1.3476848359171851,-0.3523045227183234,0.22758379027001127,-0.4755563543407302,-0.7501633808972655,0.0,3.569506872152626,-0.035444060250416784,-0.25871684190211097,1
-0.06224373083343811,1.3476131915624618,-0.12565590062385207,-1.3476848359171851,-0.3523045227183234,-0.22793729103153662,-0.4755563543407302,1.3330429416641303,0.0,-0.28015074233403564,-0.035444060250416784,-0.25871684190211097,1
-0.06224373083343811,1.9805026950807307,-0.14184613905201454,0.7420132462345592,-0.3523045227183234,-0.040369786966193366,-0.4755563543407302,-0.7501633808972655,0.0,-0.28015074233403564,-0.035444060250416784,-0.25871684190211097,1
-0.06224373083343811,-0.19138040988906693,-0.10946566219568958,0.7420132462345592,-0.3523045227183234,0.0,-0.4755563543407302,-0.7501633808972655,0.0,-0.28015074233403564,-0.035444060250416784,-0.25871684190211097,1
-0.06224373083343811,0.9671878069339941,0.0,0.7420132462345592,-0.3523045227183234,-0.06716514468981383,-0.4755563543407302,-0.7501633808972655,0.0,-0.28015074233403564,-0.035444060250416784,-0.25871684190211097,1
-0.06224373083343811,-0.5406800812297509,-0.02851447005487718,-1.3476848359171851,-0.3523045227183234,0.0,-0.4755563543407302,-0.7501633808972655,0.0,-0.28015074233403564,-0.035444060250416784,-0.25871684190211097,1
-0.06224373083343811,-1.9198046416654817e-16,-0.06089494691120214,-1.3476848359171851,-0.3523045227183234,-0.22793729103153662,2.1028002062685345,-0.7501633808972655,0.0,-0.28015074233403564,-0.035444060250416784,-0.25871684190211097,1
-0.06224373083343811,0.6248049607683729,0.036246483657772735,0.7420132462345592,-0.3523045227183234,-0.22793729103153662,-0.4755563543407302,-0.7501633808972655,0.0,-0.28015074233403564,-0.035444060250416784,-0.25871684190211097,1
-0.06224373083343811,-0.15679628401375165,-0.1742266159083395,0.7420132462345592,-0.3523045227183234,-0.22793729103153662,-0.4755563543407302,-0.7501633808972655,0.0,-0.28015074233403564,-0.035444060250416784,-0.25871684190211097,1
-0.06224373083343811,-0.9695232420836599,-0.14184613905201454,0.7420132462345592,-0.3523045227183234,-0.22793729103153662,-0.4755563543407302,1.3330429416641303,0.0,-0.28015074233403564,-0.035444060250416784,-0.25871684190211097,1
-0.06224373083343811,0.9602709817589311,-0.12565590062385207,0.7420132462345592,-0.3523045227183234,-0.22793729103153662,-0.4755563543407302,1.3330429416641303,0.0,-0.28015074233403564,-0.035444060250416784,-0.25871684190211097,1
-0.06224373083343811,0.5660119467803368,-0.0932754237675271,0.7420132462345592,-0.3523045227183234,-0.22793729103153662,-0.4755563543407302,-0.7501633808972655,0.0,-0.28015074233403564,-0.035444060250416784,-0.25871684190211097,1
-0.06224373083343811,-0.2709238994022919,-0.12565590062385207,0.7420132462345592,-0.3523045227183234,-0.22793729103153662,-0.4755563543407302,-0.7501633808972655,0.0,-0.28015074233403564,-0.035444060250416784,-0.25871684190211097,1
-0.06224373083343811,-0.2640070742272288,-0.10946566219568958,-1.3476848359171851,-0.3523045227183234,-0.0135744292425729,-0.4755563543407302,-0.7501633808972655,0.0,-0.28015074233403564,-0.035444060250416784,-0.25871684190211097,1
-0.06224373083343811,0.34813195376585104,-0.06089494691120214,-1.3476848359171851,-0.3523045227183234,0.12040235937552941,2.1028002062685345,1.3330429416641303,0.0,-0.28015074233403564,-0.035444060250416784,-0.25871684190211097,1
-0.06224373083343811,-0.976440067258723,-0.12565590062385207,0.7420132462345592,-0.3523045227183234,-0.22793729103153662,-0.4755563543407302,-0.7501633808972655,0.0,-0.28015074233403564,-0.035444060250416784,-0.25871684190211097,1
-0.06224373083343811,-0.6893918224936063,-0.10946566219568958,0.7420132462345592,-0.3523045227183234,-0.22793729103153662,-0.4755563543407302,1.3330429416641303,0.0,-0.28015074233403564,-0.035444060250416784,-0.25871684190211097,1
-0.06224373083343811,0.3827160796411663,-0.04470470848303966,0.7420132462345592,-0.3523045227183234,-0.22793729103153662,2.1028002062685345,-0.7501633808972655,0.0,-0.28015074233403564,-0.035444060250416784,-0.25871684190211097,1
-0.06224373083343811,0.8841859048332374,-0.10946566219568958,0.7420132462345592,-0.3523045227183234,-0.22793729103153662,-0.4755563543407302,-0.7501633808972655,0.0,-0.28015074233403564,-0.035444060250416784,-0.25871684190211097,1
-0.06224373083343811,-0.03575184345014818,0.0,-1.3476848359171851,-0.3523045227183234,-0.22793729103153662,-0.4755563543407302,-0.7501633808972655,0.0,-0.28015074233403564,-0.035444060250416784,-0.25871684190211097,1
-0.06224373083343811,-1.2773219623739658,-0.0932754237675271,0.7420132462345592,-0.3523045227183234,-0.22793729103153662,-0.4755563543407302,1.3330429416641303,0.0,-0.28015074233403564,-0.035444060250416784,-0.25871684190211097,1
-0.06224373083343811,-1.0594419693594794,-0.1742266159083395,0.7420132462345592,-0.3523045227183234,-0.22793729103153662,-0.4755563543407302,-0.7501633808972655,0.0,-0.28015074233403564,-0.035444060250416784,-0.25871684190211097,1
-0.06224373083343811,-0.5268464308796248,-0.02851447005487718,-1.3476848359171851,-0.3523045227183234,-0.22793729103153662,-0.4755563543407302,-0.7501633808972655,0.0,-0.28015074233403564,-0.035444060250416784,-0.25871684190211097,1
-0.06224373083343811,0.005749107600230153,-0.10946566219568958,0.7420132462345592,-0.3523045227183234,0.013220928481047563,-0.4755563543407302,-0.7501633808972655,0.0,-0.28015074233403564,-0.035444060250416784,3.865229618017538,1
-0.06224373083343811,-0.9522311791460023,-0.12565590062385207,-1.3476848359171851,-0.3523045227183234,-0.22793729103153662,-0.4755563543407302,-0.7501633808972655,0.0,-0.28015074233403564,-0.035444060250416784,-0.25871684190211097,1
-0.06224373083343811,0.07145894676332899,0.0,-1.3476848359171851,-0.3523045227183234,-0.22793729103153662,-0.4755563543407302,-0.7501633808972655,0.0,-0.28015074233403564,-0.035444060250416784,-0.25871684190211097,1
0.0,1.0467312964472189,-0.06089494691120214,0.7420132462345592,-0.3523045227183234,-0.040369786966193366,-0.4755563543407302,-0.7501633808972655,0.0,-0.28015074233403564,-0.035444060250416784,-0.25871684190211097,1
0.0,1.6934544503156141,-0.10946566219568958,0.7420132462345592,-0.3523045227183234,-0.22793729103153662,-0.4755563543407302,1.3330429416641303,0.0,-0.28015074233403564,-0.035444060250416784,-0.25871684190211097,1
-0.06224373083343811,2.011628408368514,-0.02851447005487718,-1.3476848359171851,-0.3523045227183234,-0.06716514468981383,2.1028002062685345,-0.7501633808972655,0.0,-0.28015074233403564,-0.035444060250416784,-0.25871684190211097,1
-0.06224373083343811,1.0640233593848765,-0.12565590062385207,0.7420132462345592,2.838453484173765,0.013220928481047563,-0.4755563543407302,1.3330429416641303,0.0,-0.28015074233403564,-0.035444060250416784,-0.25871684190211097,1
-0.06224373083343811,-0.8865213399829034,-0.0932754237675271,-1.3476848359171851,-0.3523045227183234,-0.22793729103153662,-0.4755563543407302,-0.7501633808972655,0.0,-0.28015074233403564,-0.035444060250416784,-0.25871684190211097,1
-0.06224373083343811,-1.187403235098146,-0.12565590062385207,0.7420132462345592,-0.3523045227183234,-0.06716514468981383,2.1028002062685345,-0.7501633808972655,0.0,-0.28015074233403564,-0.035444060250416784,-0.25871684190211097,1
-0.03431797207741481,-0.12912898331349942,0.10100743737042266,-1.3476848359171851,-0.3523045227183234,0.3079698634408727,-0.4755563543407302,-0.7501633808972655,0.0,-0.28015074233403564,-0.035444060250416784,3.865229618017538,1
-0.06224373083343811,-0.851937214107588,-0.14184613905201454,0.7420132462345592,-0.3523045227183234,-0.22793729103153662,-0.4755563543407302,-0.7501633808972655,0.0,-0.28015074233403564,-0.035444060250416784,-0.25871684190211097,1
-0.06224373083343811,-0.983356892433786,-0.15803637748017701,0.7420132462345592,-0.3523045227183234,0.0,-0.4755563543407302,1.3330429416641303,0.0,-0.28015074233403564,-0.035444060250416784,-0.25871684190211097,1
0.0,-0.04612708121274276,-0.10946566219568958,-1.3476848359171851,-0.3523045227183234,-0.22793729103153662,-0.4755563543407302,-0.7501633808972655,0.0,-0.28015074233403564,-0.035444060250416784,-0.25871684190211097,1
-0.06224373083343811,1.6242861985649837,-0.10946566219568958,-1.3476848359171851,-0.3523045227183234,0.040016286204668024,-0.4755563543407302,1.3330429416641303,0.0,-0.28015074233403564,-0.035444060250416784,-0.25871684190211097,1
-0.06224373083343811,-1.9198046416654817e-16,-0.07708518533936462,0.7420132462345592,-0.3523045227183234,-0.22793729103153662,-0.4755563543407302,-0.7501633808972655,0.0,-0.28015074233403564,-0.035444060250416784,-0.25871684190211097,1
-0.06224373083343811,-0.08416961967558957,-0.12565590062385207,0.7420132462345592,-0.3523045227183234,-0.22793729103153662,-0.4755563543407302,-0.7501633808972655,0.0,-0.28015074233403564,-0.035444060250416784,-0.25871684190211097,1
-0.06224373083343811,1.9424601566178836,-0.0932754237675271,-1.3476848359171851,-0.3523045227183234,-0.22793729103153662,-0.4755563543407302,-0.7501633808972655,0.0,-0.28015074233403564,-0.035444060250416784,-0.25871684190211097,1
-0.06224373083343811,-0.18100517212647235,-0.12565590062385207,0.7420132462345592,2.838453484173765,-0.0135744292425729,-0.4755563543407302,-0.7501633808972655,0.0,-0.28015074233403564,-0.035444060250416784,-0.25871684190211097,1
-0.006392213321391517,-0.5406800812297509,0.08481719894226017,-1.3476848359171851,-0.3523045227183234,0.0,-0.4755563543407302,1.3330429416641303,0.0,-0.28015074233403564,-0.035444060250416784,-0.25871684190211097,1
-0.06224373083343811,-1.0594419693594794,-0.07708518533936462,0.7420132462345592,-0.3523045227183234,0.040016286204668024,-0.4755563543407302,1.3330429416641303,0.0,-0.28015074233403564,-0.035444060250416784,-0.25871684190211097,1
-0.06224373083343811,1.4997833454138487,-0.02851447005487718,-1.3476848359171851,-0.3523045227183234,-0.22793729103153662,-0.4755563543407302,-0.7501633808972655,0.0,3.569506872152626,-0.035444060250416784,-0.25871684190211097,1
-0.06224373083343811,0.029957995712950655,-0.15803637748017701,0.7420132462345592,-0.3523045227183234,-0.22793729103153662,-0.4755563543407302,1.3330429416641303,0.0,-0.28015074233403564,-0.035444060250416784,-0.25871684190211097,1
-0.006392213321391517,-0.13258739590103097,0.052436722085935215,0.7420132462345592,-0.3523045227183234,0.2007884325463908,-0.4755563543407302,-0.7501633808972655,0.0,3.569506872152626,-0.035444060250416784,-0.25871684190211097,1
-0.06224373083343811,0.9083947929459582,-0.07708518533936462,0.7420132462345592,-0.3523045227183234,-0.040369786966193366,-0.4755563543407302,-0.7501633808972655,0.0,-0.28015074233403564,-0.035444060250416784,-0.25871684190211097,1
-0.06224373083343811,1.8214157160542805,-0.14184613905201454,0.7420132462345592,2.838453484173765,0.06681164392828849,-0.4755563543407302,-0.7501633808972655,0.0,-0.28015074233403564,-0.035444060250416784,-0.25871684190211097,1
-0.06224373083343811,2.0600461845939555,-0.12565590062385207,0.7420132462345592,-0.3523045227183234,-0.22793729103153662,-0.4755563543407302,1.3330429416641303,0.0,-0.28015074233403564,-0.035444060250416784,-0.25871684190211097,1
-0.06224373083343811,-0.3366337385653909,-0.06089494691120214,0.7420132462345592,-0.3523045227183234,-0.22793729103153662,-0.4755563543407302,-0.7501633808972655,0.0,-0.28015074233403564,-0.035444060250416784,-0.25871684190211097,1
-0.06224373083343811,1.5654931845769477,-0.0932754237675271,0.7420132462345592,2.838453484173765,0.06681164392828849,-0.4755563543407302,-0.7501633808972655,0.0,-0.28015074233403564,-0.035444060250416784,-0.25871684190211097,1
-0.06224373083343811,-0.9418559413834077,-0.0932754237675271,0.7420132462345592,-0.3523045227183234,-0.09396050241343429,-0.4755563543407302,1.3330429416641303,0.0,-0.28015074233403564,-0.035444060250416784,-0.25871684190211097,1
-0.06224373083343811,0.8392265411953276,-0.0932754237675271,0.7420132462345592,-0.3523045227183234,-0.22793729103153662,-0.4755563543407302,-0.7501633808972655,0.0,-0.28015074233403564,-0.035444060250416784,-0.25871684190211097,1
-0.06224373083343811,-0.39196833996589536,0.020056245229610258,0.7420132462345592,2.838453484173765,0.25437914799363176,-0.4755563543407302,-0.7501633808972655,0.0,-0.28015074233403564,-0.035444060250416784,-0.25871684190211097,1
-0.06224373083343811,-1.1701111721604884,-0.12565590062385207,0.7420132462345592,-0.3523045227183234,-0.06716514468981383,-0.4755563543407302,1.3330429416641303,0.0,-0.28015074233403564,-0.035444060250416784,-0.25871684190211097,1
-0.03431797207741481,-0.15333787142622013,-0.0932754237675271,-1.3476848359171851,-0.3523045227183234,-0.06716514468981383,2.1028002062685345,1.3330429416641303,0.0,-0.28015074233403564,-0.035444060250416784,-0.25871684190211097,1
-0.06224373083343811,-0.1982972350641298,-0.02851447005487718,0.7420132462345592,-0.3523045227183234,-0.22793729103153662,-0.4755563543407302,1.3330429416641303,0.0,-0.28015074233403564,-0.035444060250416784,-0.25871684190211097,1
-0.06224373083343811,0.24437957613990519,-0.06089494691120214,0.7420132462345592,-0.3523045227183234,-0.22793729103153662,-0.4755563543407302,-0.7501633808972655,0.0,-0.28015074233403564,-0.035444060250416784,-0.25871684190211097,1
-0.06224373083343811,-1.142443871460236,0.0,0.7420132462345592,-0.3523045227183234,-0.22793729103153662,-0.4755563543407302,1.3330429416641303,0.0,-0.28015074233403564,-0.035444060250416784,-0.25871684190211097,1
-0.06224373083343811,-0.5233880182920932,-0.0932754237675271,0.7420132462345592,-0.3523045227183234,-0.06716514468981383,-0.4755563543407302,-0.7501633808972655,0.0,-0.28015074233403564,-0.035444060250416784,-0.25871684190211097,1
-0.06224373083343811,-1.3015308504866863,-0.12565590062385207,0.7420132462345592,-0.3523045227183234,-0.09396050241343429,-0.4755563543407302,1.3330429416641303,0.0,-0.28015074233403564,-0.035444060250416784,-0.25871684190211097,1
-0.06224373083343811,0.14408561110149107,-0.12565590062385207,0.7420132462345592,-0.3523045227183234,-0.22793729103153662,-0.4755563543407302,-0.7501633808972655,0.0,-0.28015074233403564,-0.035444060250416784,-0.25871684190211097,1
-0.06224373083343811,-1.9198046416654817e-16,-0.04470470848303966,0.7420132462345592,-0.3523045227183234,-0.12075586013705475,-0.4755563543407302,-0.7501633808972655,0.0,-0.28015074233403564,-0.035444060250416784,-0.25871684190211097,1
-0.06224373083343811,-1.3326565637744698,-0.07708518533936462,0.7420132462345592,-0.3523045227183234,-0.22793729103153662,-0.4755563543407302,1.3330429416641303,0.0,-0.28015074233403564,-0.035444060250416784,-0.25871684190211097,1
-0.06224373083343811,1.5309090587016323,-0.0932754237675271,0.7420132462345592,-0.3523045227183234,-0.22793729103153662,-0.4755563543407302,1.3330429416641303,0.0,-0.28015074233403564,-0.035444060250416784,-0.25871684190211097,1
-0.06224373083343811,0.6974316251065349,-0.02851447005487718,0.7420132462345592,2.838453484173765,0.17399307482277035,-0.4755563543407302,-0.7501633808972655,0.0,-0.28015074233403564,-0.035444060250416784,-0.25871684190211097,1
-0.06224373083343811,1.658870324440299,0.0,0.7420132462345592,-0.3523045227183234,-0.09396050241343429,-0.4755563543407302,1.3330429416641303,0.0,-0.28015074233403564,-0.035444060250416784,-0.25871684190211097,1
-0.06224373083343811,0.6317217859434359,-0.07708518533936462,-1.3476848359171851,-0.3523045227183234,-0.22793729103153662,-0.4755563543407302,-0.7501633808972655,0.0,3.569506872152626,-0.035444060250416784,-0.25871684190211097,1
-0.06224373083343811,1.5239922335265692,-0.12565590062385207,0.7420132462345592,-0.3523045227183234,-0.22793729103153662,-0.4755563543407302,-0.7501633808972655,0.0,-0.28015074233403564,-0.035444060250416784,-0.25871684190211097,1
-0.06224373083343811,0.7562246390945709,14.105563677730967,-1.3476848359171851,-0.3523045227183234,0.12040235937552941,-0.4755563543407302,-0.7501633808972655,0.0,-0.28015074233403564,-0.035444060250416784,-0.25871684190211097,1
-0.06224373083343811,-1.0594419693594794,-0.12565590062385207,0.7420132462345592,-0.3523045227183234,-0.22793729103153662,-0.4755563543407302,1.3330429416641303,0.0,-0.28015074233403564,-0.035444060250416784,-0.25871684190211097,1
-0.06224373083343811,1.6969128629031458,-0.02851447005487718,0.7420132462345592,2.838453484173765,0.0,2.1028002062685345,-0.7501633808972655,0.0,-0.28015074233403564,-0.035444060250416784,-0.25871684190211097,1
-0.06224373083343811,0.4691763943294545,-0.14184613905201454,0.7420132462345592,-0.3523045227183234,-0.20114193330791613,-0.4755563543407302,1.3330429416641303,0.0,-0.28015074233403564,-0.035444060250416784,-0.25871684190211097,1
-0.06224373083343811,-0.7896857875320207,0.0,0.7420132462345592,-0.3523045227183234,-0.22793729103153662,-0.4755563543407302,1.3330429416641303,0.0,-0.28015074233403564,-0.035444060250416784,-0.25871684190211097,1
-0.06224373083343811,0.009207520187761681,-0.07708518533936462,0.7420132462345592,-0.3523045227183234,0.33476522116449314,-0.4755563543407302,1.3330429416641303,0.0,-0.28015074233403564,-0.035444060250416784,-0.25871684190211097,1
-0.06224373083343811,-0.11875374555090484,-0.10946566219568958,0.7420132462345592,-0.3523045227183234,-0.22793729103153662,-0.4755563543407302,-0.7501633808972655,0.0,-0.28015074233403564,-0.035444060250416784,-0.25871684190211097,1
-0.06224373083343811,-1.2634883120238396,-0.06089494691120214,-1.3476848359171851,-0.3523045227183234,0.441946652058975,-0.4755563543407302,-0.7501633808972655,0.0,-0.28015074233403564,-0.035444060250416784,-0.25871684190211097,1
-0.06224373083343811,1.375280492262714,-0.15803637748017701,-1.3476848359171851,-0.3523045227183234,-0.22793729103153662,-0.4755563543407302,1.3330429416641303,0.0,-0.28015074233403564,-0.035444060250416784,-0.25871684190211097,1
-0.06224373083343811,-0.3608426266781116,-0.07708518533936462,0.7420132462345592,-0.3523045227183234,-0.040369786966193366,2.1028002062685345,-0.7501633808972655,0.0,-0.28015074233403564,-0.035444060250416784,-0.25871684190211097,1
-0.06224373083343811,-1.1078597455849208,-0.02851447005487718,-1.3476848359171851,-0.3523045227183234,0.040016286204668024,-0.4755563543407302,1.3330429416641303,0.0,-0.28015074233403564,-0.035444060250416784,-0.25871684190211097,1
-0.06224373083343811,-0.5337632560546878,-0.0932754237675271,0.7420132462345592,-0.3523045227183234,-0.22793729103153662,-0.4755563543407302,-0.7501633808972655,0.0,-0.28015074233403564,-0.035444060250416784,-0.25871684190211097,1
-0.06224373083343811,-1.0801924448846687,0.003866006801447779,-1.3476848359171851,-0.3523045227183234,0.22758379027001127,2.1028002062685345,1.3330429416641303,0.0,-0.28015074233403564,-0.035444060250416784,-0.25871684190211097,1
-0.03431797207741481,0.6490138488810936,0.003866006801447779,-1.3476848359171851,-0.3523045227183234,0.1471977170991499,-0.4755563543407302,-0.7501633808972655,0.0,-0.28015074233403564,-0.035444060250416784,-0.25871684190211097,1
-0.06224373083343811,-0.8138946756447413,-0.04470470848303966,-1.3476848359171851,-0.3523045227183234,-0.09396050241343429,2.1028002062685345,-0.7501633808972655,0.0,-0.28015074233403564,-0.035444060250416784,-0.25871684190211097,1
-0.03431797207741481,1.4167814433130923,-0.0932754237675271,-1.3476848359171851,-0.3523045227183234,-0.20114193330791613,2.1028002062685345,-0.7501633808972655,0.0,-0.28015074233403564,-0.035444060250416784,-0.25871684190211097,1
-0.03431797207741481,-0.2640070742272288,-0.06089494691120214,-1.3476848359171851,-0.3523045227183234,0.1471977170991499,-0.4755563543407302,1.3330429416641303,0.0,-0.28015074233403564,-0.035444060250416784,-0.25871684190211097,1
-0.06224373083343811,1.6035357230397944,-0.07708518533936462,0.7420132462345592,2.838453484173765,0.09360700165190895,-0.4755563543407302,-0.7501633808972655,0.0,-0.28015074233403564,-0.035444060250416784,-0.25871684190211097,1
-0.06224373083343811,0.8253928908452015,-0.15803637748017701,0.7420132462345592,-0.3523045227183234,-0.06716514468981383,-0.4755563543407302,-0.7501633808972655,0.0,-0.28015074233403564,-0.035444060250416784,-0.25871684190211097,1
-0.06224373083343811,1.990877932843325,-0.14184613905201454,0.7420132462345592,-0.3523045227183234,-0.040369786966193366,-0.4755563543407302,-0.7501633808972655,0.0,-0.28015074233403564,-0.035444060250416784,-0.25871684190211097,1
0.02153354543463178,1.1608589118357593,-0.02851447005487718,-1.3476848359171851,-0.3523045227183234,-0.22793729103153662,-0.4755563543407302,-0.7501633808972655,0.0,-0.28015074233403564,-0.035444060250416784,-0.25871684190211097,1
-0.06224373083343811,-1.0075657805465068,-0.02851447005487718,0.7420132462345592,-0.3523045227183234,-0.09396050241343429,-0.4755563543407302,-0.7501633808972655,0.0,-0.28015074233403564,-0.035444060250416784,-0.25871684190211097,1
-0.06224373083343811,-0.9072718155080924,-0.14184613905201454,-1.3476848359171851,-0.3523045227183234,-0.22793729103153662,-0.4755563543407302,1.3330429416641303,0.0,-0.28015074233403564,-0.035444060250416784,-0.25871684190211097,1
-0.06224373083343811,-0.7343511861315162,-0.10946566219568958,-1.3476848359171851,-0.3523045227183234,-0.06716514468981383,-0.4755563543407302,-0.7501633808972655,0.0,-0.28015074233403564,-0.035444060250416784,-0.25871684190211097,1
-0.006392213321391517,-1.1597359343978937,0.003866006801447779,-1.3476848359171851,-0.3523045227183234,0.33476522116449314,-0.4755563543407302,-0.7501633808972655,0.0,3.569506872152626,-0.035444060250416784,-0.25871684190211097,1
-0.06224373083343811,-0.11875374555090484,0.003866006801447779,0.7420132462345592,-0.3523045227183234,-0.06716514468981383,2.1028002062685345,1.3330429416641303,0.0,-0.28015074233403564,-0.035444060250416784,-0.25871684190211097,1
-0.06224373083343811,-1.187403235098146,0.003866006801447779,0.7420132462345592,-0.3523045227183234,-0.22793729103153662,2.1028002062685345,1.3330429416641303,0.0,-0.28015074233403564,-0.035444060250416784,-0.25871684190211097,1
-0.06224373083343811,1.873291904867253,-0.10946566219568958,0.7420132462345592,-0.3523045227183234,-0.22793729103153662,-0.4755563543407302,-0.7501633808972655,0.0,-0.28015074233403564,-0.035444060250416784,-0.25871684190211097,1
-0.06224373083343811,1.4582823943634702,0.0,0.7420132462345592,-0.3523045227183234,0.0,-0.4755563543407302,-0.7501633808972655,0.0,-0.28015074233403564,-0.035444060250416784,-0.25871684190211097,1
-0.06224373083343811,-1.1389854588727046,-0.0932754237675271,0.7420132462345592,-0.3523045227183234,-0.09396050241343429,-0.4755563543407302,-0.7501633808972655,0.0,-0.28015074233403564,-0.035444060250416784,-0.25871684190211097,1
-0.06224373083343811,-1.1666527595729568,-0.12565590062385207,0.7420132462345592,-0.3523045227183234,-0.22793729103153662,-0.4755563543407302,1.3330429416641303,0.0,-0.28015074233403564,-0.035444060250416784,-0.25871684190211097,1
-0.06224373083343811,-0.5130127805294986,-0.15803637748017701,0.7420132462345592,-0.3523045227183234,-0.22793729103153662,-0.4755563543407302,-0.7501633808972655,0.0,-0.28015074233403564,-0.035444060250416784,-0.25871684190211097,1
-0.06224373083343811,-1.9198046416654817e-16,-0.0932754237675271,0.7420132462345592,-0.3523045227183234,-0.12075586013705475,-0.4755563543407302,-0.7501633808972655,0.0,-0.28015074233403564,-0.035444060250416784,-0.25871684190211097,1
-0.06224373083343811,-0.9937321301963806,-0.10946566219568958,0.7420132462345592,-0.3523045227183234,-0.040369786966193366,2.1028002062685345,-0.7501633808972655,0.0,-0.28015074233403564,-0.035444060250416784,-0.25871684190211097,1
-0.06224373083343811,2.066963009769019,-0.12565590062385207,0.7420132462345592,2.838453484173765,0.013220928481047563,-0.4755563543407302,-0.7501633808972655,0.0,-0.28015074233403564,-0.035444060250416784,-0.25871684190211097,1
-0.06224373083343811,-0.7481848364816424,-0.0932754237675271,-1.3476848359171851,-0.3523045227183234,-0.22793729103153662,-0.4755563543407302,-0.7501633808972655,0.0,-0.28015074233403564,-0.035444060250416784,-0.25871684190211097,1
-0.06224373083343811,-1.1666527595729568,-0.10946566219568958,0.7420132462345592,-0.3523045227183234,-0.22793729103153662,-0.4755563543407302,1.3330429416641303,0.0,-0.28015074233403564,-0.035444060250416784,-0.25871684190211097,1
-0.06224373083343811,-1.0629003819470109,-0.12565590062385207,0.7420132462345592,-0.3523045227183234,-0.22793729103153662,-0.4755563543407302,1.3330429416641303,0.0,-0.28015074233403564,-0.035444060250416784,-0.25871684190211097,1
-0.06224373083343811,-0.5303048434671562,0.0,-1.3476848359171851,-0.3523045227183234,-0.09396050241343429,-0.4755563543407302,1.3330429416641303,0.0,-0.28015074233403564,-0.035444060250416784,-0.25871684190211097,1
-0.006392213321391517,-0.6963086476686694,-0.02851447005487718,0.7420132462345592,-0.3523045227183234,-0.22793729103153662,-0.4755563543407302,-0.7501633808972655,0.0,-0.28015074233403564,-0.035444060250416784,-0.25871684190211097,1
-0.06224373083343811,1.8144988908792175,-0.14184613905201454,0.7420132462345592,-0.3523045227183234,0.0,-0.4755563543407302,-0.7501633808972655,0.0,-0.28015074233403564,-0.035444060250416784,-0.25871684190211097,1
-0.06224373083343811,0.27896370201522047,-0.10946566219568958,0.7420132462345592,2.838453484173765,0.013220928481047563,-0.4755563543407302,1.3330429416641303,0.0,-0.28015074233403564,-0.035444060250416784,-0.25871684190211097,1
-0.06224373083343811,1.9217096810926944,-0.14184613905201454,0.7420132462345592,-0.3523045227183234,-0.040369786966193366,-0.4755563543407302,-0.7501633808972655,0.0,-0.28015074233403564,-0.035444060250416784,-0.25871684190211097,1
-0.06224373083343811,-0.16717152177634623,-0.15803637748017701,0.7420132462345592,-0.3523045227183234,-0.22793729103153662,2.1028002062685345,-0.7501633808972655,0.0,-0.28015074233403564,-0.035444060250416784,-0.25871684190211097,1
-0.06224373083343811,-0.8346451511699304,-0.12565590062385207,0.7420132462345592,-0.3523045227183234,-0.22793729103153662,-0.4755563543407302,1.3330429416641303,0.0,-0.28015074233403564,-0.035444060250416784,-0.25871684190211097,1
-0.06224373083343811,-0.03575184345014818,-0.10946566219568958,0.7420132462345592,-0.3523045227183234,-0.22793729103153662,-0.4755563543407302,-0.7501633808972655,0.0,-0.28015074233403564,-0.035444060250416784,-0.25871684190211097,1
-0.03431797207741481,-0.9937321301963806,-0.10946566219568958,-1.3476848359171851,-0.3523045227183234,-0.040369786966193366,2.1028002062685345,-0.7501633808972655,0.0,-0.28015074233403564,-0.035444060250416784,-0.25871684190211097,1
-0.06224373083343811,-1.0594419693594794,-0.0932754237675271,0.7420132462345592,2.838453484173765,-0.0135744292425729,-0.4755563543407302,1.3330429416641303,0.0,-0.28015074233403564,-0.035444060250416784,-0.25871684190211097,1
-0.06224373083343811,0.11641831040123884,-0.06089494691120214,0.7420132462345592,2.838453484173765,0.09360700165190895,-0.4755563543407302,1.3330429416641303,0.0,-0.28015074233403564,-0.035444060250416784,-0.25871684190211097,1
-0.06224373083343811,-1.1251518085225785,-0.10946566219568958,-1.3476848359171851,-0.3523045227183234,-0.09396050241343429,-0.4755563543407302,1.3330429416641303,0.0,-0.28015074233403564,-0.035444060250416784,-0.25871684190211097,1
-0.06224373083343811,0.2616716390775628,-0.0932754237675271,0.7420132462345592,2.838453484173765,0.013220928481047563,2.1028002062685345,1.3330429416641303,0.0,-0.28015074233403564,-0.035444060250416784,-0.25871684190211097,1
-0.06224373083343811,-1.0352330812467587,-0.07708518533936462,0.7420132462345592,-0.3523045227183234,-0.22793729103153662,-0.4755563543407302,1.3330429416641303,0.0,-0.28015074233403564,-0.035444060250416784,-0.25871684190211097,1
-0.06224373083343811,2.049670946831361,-0.12565590062385207,0.7420132462345592,-0.3523045227183234,0.0,-0.4755563543407302,-0.7501633808972655,0.0,-0.28015074233403564,-0.035444060250416784,3.865229618017538,1
-0.06224373083343811,1.9390017440303524,-0.10946566219568958,0.7420132462345592,-0.3523045227183234,-0.22793729103153662,-0.4755563543407302,-0.7501633808972655,0.0,-0.28015074233403564,-0.035444060250416784,-0.25871684190211097,1
-0.06224373083343811,-0.6893918224936063,-0.10946566219568958,0.7420132462345592,-0.3523045227183234,-0.17434657558429567,-0.4755563543407302,1.3330429416641303,0.0,-0.28015074233403564,-0.035444060250416784,-0.25871684190211097,1
-0.03431797207741481,-0.8796045148078404,-0.12565590062385207,-1.3476848359171851,-0.3523045227183234,0.06681164392828849,-0.4755563543407302,1.3330429416641303,0.0,-0.28015074233403564,-0.035444060250416784,-0.25871684190211097,1
-0.06224373083343811,-0.8934381651579665,-0.14184613905201454,0.7420132462345592,-0.3523045227183234,-0.22793729103153662,-0.4755563543407302,-0.7501633808972655,0.0,-0.28015074233403564,-0.035444060250416784,-0.25871684190211097,1
-0.03431797207741481,-1.069817207122074,-0.07708518533936462,0.7420132462345592,-0.3523045227183234,0.22758379027001127,-0.4755563543407302,-0.7501633808972655,0.0,-0.28015074233403564,-0.035444060250416784,3.865229618017538,1
-0.06224373083343811,1.5032417580013802,-0.10946566219568958,0.7420132462345592,-0.3523045227183234,-0.22793729103153662,-0.4755563543407302,-0.7501633808972655,0.0,-0.28015074233403564,-0.035444060250416784,-0.25871684190211097,1
-0.06224373083343811,-0.7862273749444891,-0.12565590062385207,0.7420132462345592,-0.3523045227183234,-0.22793729103153662,-0.4755563543407302,1.3330429416641303,0.0,-0.28015074233403564,-0.035444060250416784,-0.25871684190211097,1
-0.006392213321391517,-0.31588326304020176,-0.06089494691120214,0.7420132462345592,-0.3523045227183234,0.013220928481047563,-0.4755563543407302,-0.7501633808972655,0.0,-0.28015074233403564,-0.035444060250416784,-0.25871684190211097,1
-0.03431797207741481,0.9014779677708951,-0.02851447005487718,0.7420132462345592,-0.3523045227183234,-0.0135744292425729,-0.4755563543407302,-0.7501633808972655,0.0,-0.28015074233403564,-0.035444060250416784,-0.25871684190211097,1
-0.06224373083343811,0.5902208348930575,-0.12565590062385207,0.7420132462345592,-0.3523045227183234,-0.22793729103153662,-0.4755563543407302,1.3330429416641303,0.0,-0.28015074233403564,-0.035444060250416784,-0.25871684190211097,1
-0.06224373083343811,-0.6893918224936063,-0.12565590062385207,-1.3476848359171851,-0.3523045227183234,-0.22793729103153662,-0.4755563543407302,-0.7501633808972655,0.0,-0.28015074233403564,-0.035444060250416784,-0.25871684190211097,1
-0.06224373083343811,-0.8069778504696782,-0.06089494691120214,0.7420132462345592,-0.3523045227183234,-0.22793729103153662,-0.4755563543407302,-0.7501633808972655,0.0,-0.28015074233403564,-0.035444060250416784,-0.25871684190211097,1
-0.03431797207741481,-0.07033596932546346,0.036246483657772735,-1.3476848359171851,-0.3523045227183234,0.2811745057172522,-0.4755563543407302,-0.7501633808972655,0.0,3.569506872152626,-0.035444060250416784,-0.25871684190211097,1
-0.06224373083343811,-0.20175564765166132,-0.06089494691120214,0.7420132462345592,-0.3523045227183234,0.040016286204668024,-0.4755563543407302,1.3330429416641303,0.0,3.569506872152626,-0.035444060250416784,-0.25871684190211097,1
0.0,1.534367471289164,-0.06089494691120214,0.7420132462345592,-0.3523045227183234,-0.22793729103153662,-0.4755563543407302,1.3330429416641303,0.0,-0.28015074233403564,-0.035444060250416784,-0.25871684190211097,1
0.3007911329948647,-0.10492009520077873,-0.15803637748017701,0.7420132462345592,-0.3523045227183234,0.1471977170991499,-0.4755563543407302,-0.7501633808972655,0.0,3.569506872152626,-0.035444060250416784,-0.25871684190211097,1
-0.06224373083343811,0.6835979747564088,-0.14184613905201454,0.7420132462345592,-0.3523045227183234,-0.22793729103153662,-0.4755563543407302,1.3330429416641303,0.0,-0.28015074233403564,-0.035444060250416784,-0.25871684190211097,1
-0.06224373083343811,-0.2985912001025441,-0.0932754237675271,0.7420132462345592,2.838453484173765,0.06681164392828849,-0.4755563543407302,1.3330429416641303,0.0,-0.28015074233403564,-0.035444060250416784,3.865229618017538,1
-0.006392213321391517,-0.41617722807861585,-0.0932754237675271,-1.3476848359171851,-0.3523045227183234,0.5759234406770773,-0.4755563543407302,-0.7501633808972655,0.0,-0.28015074233403564,-0.035444060250416784,-0.25871684190211097,1
-0.06224373083343811,0.36542401670350866,-0.0932754237675271,-1.3476848359171851,-0.3523045227183234,0.2007884325463908,-0.4755563543407302,1.3330429416641303,0.0,-0.28015074233403564,-0.035444060250416784,-0.25871684190211097,1
-0.06224373083343811,-0.5233880182920932,-0.04470470848303966,0.7420132462345592,-0.3523045227183234,-0.22793729103153662,-0.4755563543407302,1.3330429416641303,0.0,-0.28015074233403564,-0.035444060250416784,-0.25871684190211097,1
-0.006392213321391517,-0.8623124518701827,-0.0123242316267147,0.7420132462345592,-0.3523045227183234,-0.06716514468981383,-0.4755563543407302,-0.7501633808972655,0.0,-0.28015074233403564,-0.035444060250416784,-0.25871684190211097,1
-0.06224373083343811,-1.2773219623739658,0.003866006801447779,-1.3476848359171851,-0.3523045227183234,-0.12075586013705475,-0.4755563543407302,1.3330429416641303,0.0,-0.28015074233403564,-0.035444060250416784,-0.25871684190211097,1
-0.06224373083343811,-0.495720717591841,-0.0932754237675271,0.7420132462345592,-0.3523045227183234,-0.22793729103153662,-0.4755563543407302,1.3330429416641303,0.0,-0.28015074233403564,-0.035444060250416784,-0.25871684190211097,1
-0.06224373083343811,2.0704214223565507,-0.14184613905201454,0.7420132462345592,-0.3523045227183234,-0.22793729103153662,-0.4755563543407302,-0.7501633808972655,0.0,-0.28015074233403564,-0.035444060250416784,-0.25871684190211097,1
-0.06224373083343811,-0.20867247282672438,-0.10946566219568958,0.7420132462345592,-0.3523045227183234,-0.22793729103153662,-0.4755563543407302,1.3330429416641303,0.0,-0.28015074233403564,-0.035444060250416784,-0.25871684190211097,1
-0.06224373083343811,-0.6513492840307596,-0.06089494691120214,-1.3476848359171851,-0.3523045227183234,-0.22793729103153662,-0.4755563543407302,1.3330429416641303,0.0,-0.28015074233403564,-0.035444060250416784,-0.25871684190211097,1
-0.06224373083343811,1.468657632126065,-0.04470470848303966,0.7420132462345592,-0.3523045227183234,0.0,2.1028002062685345,1.3330429416641303,0.0,-0.28015074233403564,-0.035444060250416784,-0.25871684190211097,1
-0.06224373083343811,1.541284296464227,-0.12565590062385207,0.7420132462345592,-0.3523045227183234,-0.09396050241343429,-0.4755563543407302,1.3330429416641303,0.0,-0.28015074233403564,-0.035444060250416784,-0.25871684190211097,1
-0.06224373083343811,1.9493769817929467,-0.12565590062385207,0.7420132462345592,-0.3523045227183234,-0.22793729103153662,-0.4755563543407302,1.3330429416641303,0.0,-0.28015074233403564,-0.035444060250416784,-0.25871684190211097,1
-0.06224373083343811,1.883667142629848,-0.12565590062385207,0.7420132462345592,-0.3523045227183234,-0.22793729103153662,-0.4755563543407302,1.3330429416641303,0.0,-0.28015074233403564,-0.035444060250416784,-0.25871684190211097,1
-0.03431797207741481,-1.049066731596885,-0.02851447005487718,0.7420132462345592,-0.3523045227183234,-0.040369786966193366,-0.4755563543407302,-0.7501633808972655,0.0,3.569506872152626,-0.035444060250416784,-0.25871684190211097,1
0.13323658045872497,0.08875100970098662,-0.0932754237675271,-1.3476848359171851,-0.3523045227183234,-0.20114193330791613,-0.4755563543407302,-0.7501633808972655,0.0,3.569506872152626,-0.035444060250416784,-0.25871684190211097,1
-0.06224373083343811,-1.2738635497864341,-0.10946566219568958,-1.3476848359171851,-0.3523045227183234,-0.22793729103153662,-0.4755563543407302,1.3330429416641303,0.0,-0.28015074233403564,-0.035444060250416784,-0.25871684190211097,1
-0.03431797207741481,-0.8865213399829034,-0.07708518533936462,0.7420132462345592,2.838453484173765,0.09360700165190895,2.1028002062685345,1.3330429416641303,0.0,-0.28015074233403564,-0.035444060250416784,-0.25871684190211097,1
-0.06224373083343811,-1.246196249086182,-0.06089494691120214,-1.3476848359171851,-0.3523045227183234,0.09360700165190895,-0.4755563543407302,-0.7501633808972655,0.0,-0.28015074233403564,-0.035444060250416784,-0.25871684190211097,1
-0.06224373083343811,-0.20175564765166132,-0.04470470848303966,0.7420132462345592,-0.3523045227183234,-0.22793729103153662,-0.4755563543407302,-0.7501633808972655,0.0,-0.28015074233403564,-0.035444060250416784,-0.25871684190211097,1
-0.06224373083343811,1.9701274573181358,-0.12565590062385207,-1.3476848359171851,-0.3523045227183234,-0.09396050241343429,-0.4755563543407302,1.3330429416641303,0.0,-0.28015074233403564,-0.035444060250416784,-0.25871684190211097,1
-0.03431797207741481,-0.8934381651579665,0.0686269605140977,0.7420132462345592,-0.3523045227183234,-0.22793729103153662,-0.4755563543407302,-0.7501633808972655,0.0,-0.28015074233403564,-0.035444060250416784,-0.25871684190211097,1
-0.06224373083343811,1.2265687509988583,0.003866006801447779,0.7420132462345592,-0.3523045227183234,-0.22793729103153662,-0.4755563543407302,-0.7501633808972655,0.0,-0.28015074233403564,-0.035444060250416784,-0.25871684190211097,1
-0.06224373083343811,0.1717529118017433,-0.06089494691120214,0.7420132462345592,-0.3523045227183234,-0.17434657558429567,-0.4755563543407302,-0.7501633808972655,0.0,-0.28015074233403564,-0.035444060250416784,-0.25871684190211097,1
-0.06224373083343811,-0.3366337385653909,-0.14184613905201454,0.7420132462345592,-0.3523045227183234,-0.22793729103153662,-0.4755563543407302,-0.7501633808972655,0.0,-0.28015074233403564,-0.035444060250416784,-0.25871684190211097,1
-0.06224373083343811,-0.6063899203928498,-0.0932754237675271,0.7420132462345592,-0.3523045227183234,0.0,2.1028002062685345,-0.7501633808972655,0.0,-0.28015074233403564,-0.035444060250416784,-0.25871684190211097,1
-0.06224373083343811,-0.5199296057045617,0.0,0.7420132462345592,-0.3523045227183234,-0.12075586013705475,-0.4755563543407302,1.3330429416641303,0.0,-0.28015074233403564,-0.035444060250416784,-0.25871684190211097,1
-0.06224373083343811,0.6697643244062828,-0.12565590062385207,0.7420132462345592,-0.3523045227183234,-0.22793729103153662,-0.4755563543407302,-0.7501633808972655,0.0,-0.28015074233403564,-0.035444060250416784,-0.25871684190211097,1
-0.06224373083343811,0.11295989781370733,-0.07708518533936462,0.7420132462345592,-0.3523045227183234,-0.22793729103153662,-0.4755563543407302,-0.7501633808972655,0.0,-0.28015074233403564,-0.035444060250416784,-0.25871684190211097,1
-0.06224373083343811,0.9498957439963365,-0.0932754237675271,0.7420132462345592,-0.3523045227183234,0.1471977170991499,-0.4755563543407302,-0.7501633808972655,0.0,-0.28015074233403564,-0.035444060250416784,-0.25871684190211097,1
-0.06224373083343811,-0.8484788015200565,-0.12565590062385207,-1.3476848359171851,-0.3523045227183234,-0.0135744292425729,-0.4755563543407302,-0.7501633808972655,0.0,-0.28015074233403564,-0.035444060250416784,-0.25871684190211097,1
-0.06224373083343811,1.0121471705719036,-0.02851447005487718,0.7420132462345592,-0.3523045227183234,0.040016286204668024,-0.4755563543407302,1.3330429416641303,0.0,-0.28015074233403564,-0.035444060250416784,-0.25871684190211097,1
-0.06224373083343811,-1.1182349833475154,-0.14184613905201454,0.7420132462345592,-0.3523045227183234,-0.22793729103153662,-0.4755563543407302,1.3330429416641303,0.0,-0.28015074233403564,-0.035444060250416784,-0.25871684190211097,1
-0.06224373083343811,0.09220942228851815,0.0,0.7420132462345592,-0.3523045227183234,-0.22793729103153662,-0.4755563543407302,-0.7501633808972655,0.0,-0.28015074233403564,-0.035444060250416784,-0.25871684190211097,1
-0.06224373083343811,1.074398597147471,-0.07708518533936462,-1.3476848359171851,-0.3523045227183234,-0.22793729103153662,2.1028002062685345,-0.7501633808972655,0.0,-0.28015074233403564,-0.035444060250416784,-0.25871684190211097,1
-0.06224373083343811,1.0398144712721558,-0.07708518533936462,-1.3476848359171851,-0.3523045227183234,0.25437914799363176,-0.4755563543407302,-0.7501633808972655,0.0,-0.28015074233403564,-0.035444060250416784,-0.25871684190211097,1
-0.06224373083343811,-0.00462613016236443,-0.04470470848303966,0.7420132462345592,-0.3523045227183234,-0.22793729103153662,2.1028002062685345,-0.7501633808972655,0.0,-0.28015074233403564,-0.035444060250416784,-0.25871684190211097,1
-0.03431797207741481,-0.7516432490691739,-0.06089494691120214,0.7420132462345592,-0.3523045227183234,0.0,-0.4755563543407302,1.3330429416641303,0.0,-0.28015074233403564,-0.035444060250416784,-0.25871684190211097,1
-0.06224373083343811,-0.9418559413834077,-0.14184613905201454,0.7420132462345592,-0.3523045227183234,-0.22793729103153662,-0.4755563543407302,1.3330429416641303,0.0,-0.28015074233403564,-0.035444060250416784,-0.25871684190211097,1
-0.006392213321391517,-1.142443871460236,-0.07708518533936462,0.7420132462345592,-0.3523045227183234,0.22758379027001127,-0.4755563543407302,-0.7501633808972655,0.0,-0.28015074233403564,-0.035444060250416784,-0.25871684190211097,1
-0.06224373083343811,0.9291452684711473,-0.02851447005487718,0.7420132462345592,-0.3523045227183234,0.12040235937552941,2.1028002062685345,-0.7501633808972655,0.0,-0.28015074233403564,-0.035444060250416784,-0.25871684190211097,1
-0.06224373083343811,-1.9198046416654817e-16,-0.0932754237675271,0.7420132462345592,-0.3523045227183234,-0.22793729103153662,-0.4755563543407302,-0.7501633808972655,0.0,-0.28015074233403564,-0.035444060250416784,-0.25871684190211097,1
-0.06224373083343811,0.5418030586676166,-0.07708518533936462,-1.3476848359171851,-0.3523045227183234,-0.22793729103153662,-0.4755563543407302,-0.7501633808972655,0.0,-0.28015074233403564,-0.035444060250416784,-0.25871684190211097,1
-0.06224373083343811,0.15100243627655413,-0.02851447005487718,0.7420132462345592,-0.3523045227183234,-0.22793729103153662,-0.4755563543407302,-0.7501633808972655,0.0,-0.28015074233403564,-0.035444060250416784,-0.25871684190211097,1
-0.06224373083343811,1.8559998419295958,-0.10946566219568958,0.7420132462345592,-0.3523045227183234,-0.0135744292425729,-0.4755563543407302,-0.7501633808972655,0.0,-0.28015074233403564,-0.035444060250416784,-0.25871684190211097,1
-0.06224373083343811,1.9320849188552893,-0.12565590062385207,0.7420132462345592,-0.3523045227183234,-0.22793729103153662,-0.4755563543407302,1.3330429416641303,0.0,-0.28015074233403564,-0.035444060250416784,-0.25871684190211097,1
-0.06224373083343811,2.0565877720064245,-0.06089494691120214,0.7420132462345592,-0.3523045227183234,-0.22793729103153662,-0.4755563543407302,-0.7501633808972655,0.0,-0.28015074233403564,-0.035444060250416784,-0.25871684190211097,1
-0.06224373083343811,-1.9198046416654817e-16,-0.10946566219568958,-1.3476848359171851,-0.3523045227183234,0.040016286204668024,-0.4755563543407302,-0.7501633808972655,0.0,-0.28015074233403564,-0.035444060250416784,-0.25871684190211097,1
-0.06224373083343811,-0.25017342387710273,0.020056245229610258,0.7420132462345592,-0.3523045227183234,0.441946652058975,2.1028002062685345,-0.7501633808972655,0.0,-0.28015074233403564,-0.035444060250416784,-0.25871684190211097,1
-0.06224373083343811,0.6732227369938143,-0.0932754237675271,0.7420132462345592,-0.3523045227183234,-0.22793729103153662,-0.4755563543407302,-0.7501633808972655,0.0,-0.28015074233403564,-0.035444060250416784,-0.25871684190211097,1
-0.06224373083343811,-0.30896643786513867,-0.12565590062385207,0.7420132462345592,-0.3523045227183234,-0.22793729103153662,2.1028002062685345,1.3330429416641303,0.0,-0.28015074233403564,-0.035444060250416784,-0.25871684190211097,1
-0.06224373083343811,-0.8588540392826511,-0.10946566219568958,-1.3476848359171851,-0.3523045227183234,-0.22793729103153662,-0.4755563543407302,-0.7501633808972655,0.0,-0.28015074233403564,-0.035444060250416784,-0.25871684190211097,1
-0.06224373083343811,-0.6063899203928498,-0.12565590062385207,-1.3476848359171851,-0.3523045227183234,0.0,-0.4755563543407302,1.3330429416641303,0.0,-0.28015074233403564,-0.035444060250416784,-0.25871684190211097,1
-0.06224373083343811,1.7418722265410558,-0.14184613905201454,0.7420132462345592,-0.3523045227183234,-0.06716514468981383,-0.4755563543407302,-0.7501633808972655,0.0,-0.28015074233403564,-0.035444060250416784,-0.25871684190211097,1
-0.06224373083343811,-0.07725279450052651,-0.12565590062385207,-1.3476848359171851,-0.3523045227183234,-0.17434657558429567,-0.4755563543407302,-0.7501633808972655,0.0,-0.28015074233403564,-0.035444060250416784,-0.25871684190211097,1
-0.06224373083343811,-0.92456387844575,-0.0932754237675271,-1.3476848359171851,-0.3523045227183234,-0.22793729103153662,-0.4755563543407302,1.3330429416641303,0.0,-0.28015074233403564,-0.035444060250416784,-0.25871684190211097,1
-0.06224373083343811,0.9083947929459582,-0.10946566219568958,0.7420132462345592,-0.3523045227183234,0.040016286204668024,-0.4755563543407302,-0.7501633808972655,0.0,-0.28015074233403564,-0.035444060250416784,-0.25871684190211097,1
-0.06224373083343811,-0.13258739590103097,-0.12565590062385207,-1.3476848359171851,-0.3523045227183234,0.040016286204668024,-0.4755563543407302,1.3330429416641303,0.0,-0.28015074233403564,-0.035444060250416784,-0.25871684190211097,1
-0.06224373083343811,0.10258466005111273,-0.10946566219568958,0.7420132462345592,-0.3523045227183234,-0.22793729103153662,-0.4755563543407302,-0.7501633808972655,0.0,-0.28015074233403564,-0.035444060250416784,-0.25871684190211097,1
-0.06224373083343811,-0.4230940532536789,-0.10946566219568958,0.7420132462345592,-0.3523045227183234,0.0,-0.4755563543407302,-0.7501633808972655,0.0,-0.28015074233403564,-0.035444060250416784,-0.25871684190211097,1
-0.06224373083343811,-1.1666527595729568,-0.1742266159083395,0.7420132462345592,-0.3523045227183234,-0.22793729103153662,-0.4755563543407302,1.3330429416641303,0.0,-0.28015074233403564,-0.035444060250416784,-0.25871684190211097,1
-0.06224373083343811,0.282422114602752,0.0,0.7420132462345592,-0.3523045227183234,-0.22793729103153662,-0.4755563543407302,1.3330429416641303,0.0,-0.28015074233403564,-0.035444060250416784,-0.25871684190211097,1
-0.06224373083343811,-1.1666527595729568,-0.10946566219568958,0.7420132462345592,-0.3523045227183234,-0.22793729103153662,-0.4755563543407302,1.3330429416641303,0.0,-0.28015074233403564,-0.035444060250416784,-0.25871684190211097,1
-0.06224373083343811,-0.6167651581554444,-0.0932754237675271,0.7420132462345592,-0.3523045227183234,-0.22793729103153662,-0.4755563543407302,1.3330429416641303,0.0,-0.28015074233403564,-0.035444060250416784,-0.25871684190211097,1
-0.06224373083343811,-0.46805341689158875,-0.12565590062385207,-1.3476848359171851,-0.3523045227183234,0.0,-0.4755563543407302,1.3330429416641303,0.0,-0.28015074233403564,-0.035444060250416784,-0.25871684190211097,1
-0.06224373083343811,1.890583967804911,-0.12565590062385207,0.7420132462345592,-0.3523045227183234,-0.22793729103153662,-0.4755563543407302,-0.7501633808972655,0.0,-0.28015074233403564,-0.035444060250416784,-0.25871684190211097,1
-0.03431797207741481,-0.56143055675494,0.08481719894226017,0.7420132462345592,2.838453484173765,0.3615605788881136,-0.4755563543407302,1.3330429416641303,0.0,-0.28015074233403564,-0.035444060250416784,-0.25871684190211097,1
-0.06224373083343811,0.036874820888013714,-0.14184613905201454,0.7420132462345592,-0.3523045227183234,-0.12075586013705475,2.1028002062685345,-0.7501633808972655,0.0,-0.28015074233403564,-0.035444060250416784,-0.25871684190211097,1
-0.06224373083343811,0.9222284432960842,-0.14184613905201454,0.7420132462345592,-0.3523045227183234,-0.22793729103153662,-0.4755563543407302,-0.7501633808972655,0.0,-0.28015074233403564,-0.035444060250416784,-0.25871684190211097,1
-0.06224373083343811,0.9637293943464625,-0.10946566219568958,0.7420132462345592,2.838453484173765,-0.0135744292425729,-0.4755563543407302,-0.7501633808972655,0.0,-0.28015074233403564,-0.035444060250416784,-0.25871684190211097,1
-0.06224373083343811,0.9602709817589311,-0.10946566219568958,0.7420132462345592,-0.3523045227183234,-0.22793729103153662,-0.4755563543407302,-0.7501633808972655,0.0,-0.28015074233403564,-0.035444060250416784,-0.25871684190211097,1
0.02153354543463178,2.0600461845939555,-0.10946566219568958,0.7420132462345592,-0.3523045227183234,0.06681164392828849,-0.4755563543407302,-0.7501633808972655,0.0,-0.28015074233403564,-0.035444060250416784,-0.25871684190211097,1
0.02153354543463178,0.6109713104182467,0.003866006801447779,-1.3476848359171851,-0.3523045227183234,0.06681164392828849,-0.4755563543407302,-0.7501633808972655,0.0,3.569506872152626,-0.035444060250416784,-0.25871684190211097,1
-0.06224373083343811,-1.253113074261245,-0.04470470848303966,0.7420132462345592,-0.3523045227183234,-0.22793729103153662,-0.4755563543407302,1.3330429416641303,0.0,-0.28015074233403564,-0.035444060250416784,-0.25871684190211097,1
-0.06224373083343811,-0.49226230500430945,-0.02851447005487718,-1.3476848359171851,-0.3523045227183234,-0.22793729103153662,2.1028002062685345,1.3330429416641303,0.0,-0.28015074233403564,-0.035444060250416784,-0.25871684190211097,1
-0.006392213321391517,0.3550487789409141,-0.06089494691120214,-1.3476848359171851,-0.3523045227183234,0.040016286204668024,-0.4755563543407302,-0.7501633808972655,0.0,-0.28015074233403564,-0.035444060250416784,-0.25871684190211097,1
-0.06224373083343811,-0.24671501128957118,-0.14184613905201454,-1.3476848359171851,-0.3523045227183234,-0.22793729103153662,-0.4755563543407302,-0.7501633808972655,0.0,-0.28015074233403564,-0.035444060250416784,-0.25871684190211097,1
0.02153354543463178,-0.2778407245773549,-0.06089494691120214,-1.3476848359171851,-0.3523045227183234,0.12040235937552941,2.1028002062685345,-0.7501633808972655,0.0,-0.28015074233403564,-0.035444060250416784,-0.25871684190211097,1
-0.06224373083343811,1.0882322474975972,-0.02851447005487718,0.7420132462345592,-0.3523045227183234,-0.22793729103153662,-0.4755563543407302,-0.7501633808972655,0.0,-0.28015074233403564,-0.035444060250416784,-0.25871684190211097,1
-0.06224373083343811,-1.1182349833475154,0.020056245229610258,-1.3476848359171851,-0.3523045227183234,0.441946652058975,-0.4755563543407302,-0.7501633808972655,0.0,3.569506872152626,-0.035444060250416784,-0.25871684190211097,1
-0.06224373083343811,0.38963290481622936,-0.0932754237675271,-1.3476848359171851,-0.3523045227183234,0.06681164392828849,2.1028002062685345,1.3330429416641303,0.0,-0.28015074233403564,-0.035444060250416784,-0.25871684190211097,1
-0.06224373083343811,-1.9198046416654817e-16,-0.10946566219568958,0.7420132462345592,2.838453484173765,0.040016286204668024,-0.4755563543407302,1.3330429416641303,0.0,-0.28015074233403564,-0.035444060250416784,-0.25871684190211097,1
-0.06224373083343811,-1.201236885448272,0.0,0.7420132462345592,-0.3523045227183234,-0.22793729103153662,-0.4755563543407302,1.3330429416641303,0.0,-0.28015074233403564,-0.035444060250416784,-0.25871684190211097,1
-0.06224373083343811,-0.5026375427669041,-0.10946566219568958,-1.3476848359171851,-0.3523045227183234,-0.22793729103153662,-0.4755563543407302,-0.7501633808972655,0.0,-0.28015074233403564,-0.035444060250416784,-0.25871684190211097,1
-0.06224373083343811,-0.409260402903553,-0.07708518533936462,0.7420132462345592,-0.3523045227183234,-0.22793729103153662,-0.4755563543407302,-0.7501633808972655,0.0,-0.28015074233403564,-0.035444060250416784,-0.25871684190211097,1
-0.06224373083343811,-0.8311867385823989,-0.07708518533936462,0.7420132462345592,-0.3523045227183234,0.0,-0.4755563543407302,1.3330429416641303,0.0,-0.28015074233403564,-0.035444060250416784,-0.25871684190211097,1
-0.06224373083343811,-0.06687755673793193,-0.12565590062385207,0.7420132462345592,-0.3523045227183234,-0.12075586013705475,-0.4755563543407302,-0.7501633808972655,0.0,-0.28015074233403564,-0.035444060250416784,-0.25871684190211097,1
-0.06224373083343811,-0.6063899203928498,-0.0932754237675271,-1.3476848359171851,-0.3523045227183234,0.06681164392828849,-0.4755563543407302,-0.7501633808972655,0.0,-0.28015074233403564,-0.035444060250416784,-0.25871684190211097,1
-0.06224373083343811,-0.7239759483689217,-0.06089494691120214,0.7420132462345592,-0.3523045227183234,0.3615605788881136,-0.4755563543407302,-0.7501633808972655,0.0,-0.28015074233403564,-0.035444060250416784,-0.25871684190211097,1
-0.03431797207741481,-0.5683473819300031,-0.12565590062385207,-1.3476848359171851,-0.3523045227183234,-0.040369786966193366,2.1028002062685345,-0.7501633808972655,0.0,-0.28015074233403564,-0.035444060250416784,-0.25871684190211097,1
-0.006392213321391517,-1.114776570759984,-0.10946566219568958,-1.3476848359171851,-0.3523045227183234,0.3615605788881136,-0.4755563543407302,1.3330429416641303,0.0,-0.28015074233403564,-0.035444060250416784,-0.25871684190211097,1
0.02153354543463178,0.3308398908281934,-0.02851447005487718,-1.3476848359171851,2.838453484173765,-0.1475512178606752,-0.4755563543407302,1.3330429416641303,0.0,-0.28015074233403564,-0.035444060250416784,3.865229618017538,1
-0.06224373083343811,-1.1666527595729568,-0.10946566219568958,0.7420132462345592,-0.3523045227183234,-0.22793729103153662,-0.4755563543407302,1.3330429416641303,0.0,-0.28015074233403564,-0.035444060250416784,-0.25871684190211097,1
0.0,0.5210525831424274,12.308447212204932,0.7420132462345592,2.838453484173765,0.06681164392828849,2.1028002062685345,-0.7501633808972655,0.0,-0.28015074233403564,-0.035444060250416784,-0.25871684190211097,1
-0.06224373083343811,1.178150974773417,0.0,0.7420132462345592,2.838453484173765,-0.0135744292425729,-0.4755563543407302,1.3330429416641303,0.0,-0.28015074233403564,-0.035444060250416784,-0.25871684190211097,1
-0.06224373083343811,0.5141357579673643,-0.12565590062385207,-1.3476848359171851,-0.3523045227183234,-0.22793729103153662,-0.4755563543407302,1.3330429416641303,0.0,-0.28015074233403564,-0.035444060250416784,-0.25871684190211097,1
-0.06224373083343811,0.5037605202047698,-0.0932754237675271,0.7420132462345592,2.838453484173765,0.06681164392828849,-0.4755563543407302,-0.7501633808972655,0.0,-0.28015074233403564,-0.035444060250416784,3.865229618017538,1
-0.06224373083343811,0.12333513557630191,-0.0932754237675271,0.7420132462345592,-0.3523045227183234,-0.22793729103153662,-0.4755563543407302,-0.7501633808972655,0.0,-0.28015074233403564,-0.035444060250416784,-0.25871684190211097,1
-0.06224373083343811,-1.9198046416654817e-16,-0.04470470848303966,0.7420132462345592,-0.3523045227183234,-0.22793729103153662,-0.4755563543407302,-0.7501633808972655,0.0,-0.28015074233403564,-0.035444060250416784,-0.25871684190211097,1
-0.006392213321391517,-1.0629003819470109,0.020056245229610258,-1.3476848359171851,-0.3523045227183234,0.5759234406770773,-0.4755563543407302,-0.7501633808972655,0.0,-0.28015074233403564,-0.035444060250416784,-0.25871684190211097,1
-0.06224373083343811,-1.9198046416654817e-16,-0.12565590062385207,0.7420132462345592,-0.3523045227183234,-0.22793729103153662,-0.4755563543407302,1.3330429416641303,0.0,-0.28015074233403564,-0.035444060250416784,-0.25871684190211097,1
-0.03431797207741481,-0.7412680113065793,0.036246483657772735,-1.3476848359171851,-0.3523045227183234,0.09360700165190895,-0.4755563543407302,-0.7501633808972655,0.0,-0.28015074233403564,-0.035444060250416784,-0.25871684190211097,1
-0.06224373083343811,-1.0940260952347947,-0.14184613905201454,-1.3476848359171851,-0.3523045227183234,-0.22793729103153662,-0.4755563543407302,1.3330429416641303,0.0,-0.28015074233403564,-0.035444060250416784,-0.25871684190211097,1
-0.06224373083343811,1.0847738349100657,-0.14184613905201454,0.7420132462345592,2.838453484173765,-0.0135744292425729,-0.4755563543407302,-0.7501633808972655,0.0,-0.28015074233403564,-0.035444060250416784,-0.25871684190211097,1
-0.06224373083343811,1.5585763594018847,-0.14184613905201454,-1.3476848359171851,-0.3523045227183234,-0.0135744292425729,-0.4755563543407302,1.3330429416641303,0.0,-0.28015074233403564,-0.035444060250416784,-0.25871684190211097,1
-0.06224373083343811,-0.7723937245943631,-0.07708518533936462,0.7420132462345592,-0.3523045227183234,-0.22793729103153662,-0.4755563543407302,1.3330429416641303,0.0,-0.28015074233403564,-0.035444060250416784,-0.25871684190211097,1
-0.06224373083343811,1.9977947580183881,-0.10946566219568958,-1.3476848359171851,-0.3523045227183234,-0.22793729103153662,-0.4755563543407302,1.3330429416641303,0.0,-0.28015074233403564,-0.035444060250416784,-0.25871684190211097,1
-0.06224373083343811,-0.4853454798292464,-0.06089494691120214,0.7420132462345592,-0.3523045227183234,0.040016286204668024,2.1028002062685345,1.3330429416641303,0.0,-0.28015074233403564,-0.035444060250416784,-0.25871684190211097,1
0.0,0.42421703069154465,-0.19041685433650196,0.7420132462345592,-0.3523045227183234,-0.22793729103153662,-0.4755563543407302,-0.7501633808972655,0.0,-0.28015074233403564,-0.035444060250416784,-0.25871684190211097,1
-0.06224373083343811,-1.2773219623739658,-0.0932754237675271,-1.3476848359171851,-0.3523045227183234,-0.22793729103153662,-0.4755563543407302,1.3330429416641303,0.0,-0.28015074233403564,-0.035444060250416784,-0.25871684190211097,1
-0.06224373083343811,-0.3055080252776072,-0.07708518533936462,0.7420132462345592,-0.3523045227183234,-0.22793729103153662,-0.4755563543407302,1.3330429416641303,0.0,-0.28015074233403564,-0.035444060250416784,-0.25871684190211097,1
-0.06224373083343811,-1.0179410183091013,-0.06089494691120214,-1.3476848359171851,-0.3523045227183234,0.013220928481047563,-0.4755563543407302,1.3330429416641303,0.0,-0.28015074233403564,-0.035444060250416784,-0.25871684190211097,1
0.07738506294667838,-0.05650231897533735,0.052436722085935215,0.7420132462345592,-0.3523045227183234,0.17399307482277035,-0.4755563543407302,-0.7501633808972655,0.0,-0.28015074233403564,-0.035444060250416784,-0.25871684190211097,1
0.0,1.5101585831764432,-0.12565590062385207,0.7420132462345592,-0.3523045227183234,-0.12075586013705475,-0.4755563543407302,-0.7501633808972655,0.0,-0.28015074233403564,-0.035444060250416784,-0.25871684190211097,1
-0.06224373083343811,0.3550487789409141,0.0,0.7420132462345592,-0.3523045227183234,-0.22793729103153662,2.1028002062685345,-0.7501633808972655,0.0,-0.28015074233403564,-0.035444060250416784,-0.25871684190211097,1
-0.06224373083343811,-1.1493606966352992,-0.10946566219568958,-1.3476848359171851,-0.3523045227183234,-0.040369786966193366,-0.4755563543407302,1.3330429416641303,0.0,-0.28015074233403564,-0.035444060250416784,-0.25871684190211097,1
-0.06224373083343811,-1.1597359343978937,0.020056245229610258,-1.3476848359171851,-0.3523045227183234,0.09360700165190895,-0.4755563543407302,1.3330429416641303,0.0,3.569506872152626,-0.035444060250416784,-0.25871684190211097,1
-0.06224373083343811,0.9741046321090572,-0.10946566219568958,0.7420132462345592,-0.3523045227183234,-0.22793729103153662,-0.4755563543407302,1.3330429416641303,0.0,-0.28015074233403564,-0.035444060250416784,-0.25871684190211097,1
-0.06224373083343811,0.82193447825767,-0.04470470848303966,0.7420132462345592,2.838453484173765,0.0,-0.4755563543407302,-0.7501633808972655,0.0,-0.28015074233403564,-0.035444060250416784,-0.25871684190211097,1
-0.006392213321391517,-0.09454485743818415,-0.14184613905201454,0.7420132462345592,-0.3523045227183234,-0.12075586013705475,-0.4755563543407302,-0.7501633808972655,0.0,3.569506872152626,-0.035444060250416784,-0.25871684190211097,1
-0.06224373083343811,-0.713600710606327,-0.0932754237675271,0.7420132462345592,-0.3523045227183234,-0.22793729103153662,-0.4755563543407302,1.3330429416641303,0.0,-0.28015074233403564,-0.035444060250416784,-0.25871684190211097,1
-0.06224373083343811,-0.46459500430405726,0.036246483657772735,0.7420132462345592,-0.3523045227183234,-0.22793729103153662,-0.4755563543407302,-0.7501633808972655,0.0,-0.28015074233403564,-0.035444060250416784,-0.25871684190211097,1
-0.06224373083343811,2.0462125342438293,-0.14184613905201454,0.7420132462345592,-0.3523045227183234,-0.22793729103153662,-0.4755563543407302,-0.7501633808972655,0.0,-0.28015074233403564,-0.035444060250416784,-0.25871684190211097,1
-0.06224373083343811,-0.8726876896327773,-0.07708518533936462,-1.3476848359171851,-0.3523045227183234,-0.22793729103153662,-0.4755563543407302,-0.7501633808972655,0.0,-0.28015074233403564,-0.035444060250416784,3.865229618017538,1
-0.06224373083343811,-1.1735695847480199,-0.14184613905201454,0.7420132462345592,-0.3523045227183234,-0.0135744292425729,-0.4755563543407302,1.3330429416641303,0.0,-0.28015074233403564,-0.035444060250416784,-0.25871684190211097,1
-0.06224373083343811,-0.07725279450052651,-0.12565590062385207,0.7420132462345592,-0.3523045227183234,-0.12075586013705475,-0.4755563543407302,-0.7501633808972655,0.0,-0.28015074233403564,-0.035444060250416784,-0.25871684190211097,1
-0.03431797207741481,0.5348862334925535,-0.07708518533936462,0.7420132462345592,-0.3523045227183234,0.040016286204668024,-0.4755563543407302,-0.7501633808972655,0.0,-0.28015074233403564,-0.035444060250416784,-0.25871684190211097,1
-0.06224373083343811,1.880208730042316,-0.14184613905201454,0.7420132462345592,-0.3523045227183234,-0.22793729103153662,-0.4755563543407302,1.3330429416641303,0.0,-0.28015074233403564,-0.035444060250416784,-0.25871684190211097,1
-0.06224373083343811,0.9671878069339941,-0.10946566219568958,0.7420132462345592,-0.3523045227183234,-0.22793729103153662,2.1028002062685345,-0.7501633808972655,0.0,-0.28015074233403564,-0.035444060250416784,-0.25871684190211097,1
-0.03431797207741481,-0.5890978574551922,-0.0932754237675271,0.7420132462345592,-0.3523045227183234,0.1471977170991499,-0.4755563543407302,-0.7501633808972655,0.0,-0.28015074233403564,-0.035444060250416784,-0.25871684190211097,1
-0.06224373083343811,0.406924967753887,-0.06089494691120214,0.7420132462345592,-0.3523045227183234,-0.22793729103153662,-0.4755563543407302,-0.7501633808972655,0.0,-0.28015074233403564,-0.035444060250416784,-0.25871684190211097,1
-0.06224373083343811,-1.2946140253116232,-0.0932754237675271,0.7420132462345592,-0.3523045227183234,-0.22793729103153662,-0.4755563543407302,1.3330429416641303,0.0,-0.28015074233403564,-0.035444060250416784,-0.25871684190211097,1
-0.06224373083343811,1.0674817719724081,-0.07708518533936462,-1.3476848359171851,-0.3523045227183234,0.12040235937552941,-0.4755563543407302,-0.7501633808972655,0.0,-0.28015074233403564,-0.035444060250416784,-0.25871684190211097,1
-0.06224373083343811,0.9256868558836158,-0.0932754237675271,0.7420132462345592,-0.3523045227183234,-0.1475512178606752,-0.4755563543407302,1.3330429416641303,0.0,-0.28015074233403564,-0.035444060250416784,-0.25871684190211097,1
-0.06224373083343811,-0.5890978574551922,0.0,0.7420132462345592,-0.3523045227183234,-0.20114193330791613,-0.4755563543407302,-0.7501633808972655,0.0,-0.28015074233403564,-0.035444060250416784,-0.25871684190211097,1
-0.06224373083343811,1.7972068279415603,-0.02851447005487718,0.7420132462345592,2.838453484173765,0.1471977170991499,-0.4755563543407302,1.3330429416641303,0.0,-0.28015074233403564,-0.035444060250416784,-0.25871684190211097,1
-0.06224373083343811,-0.9453143539709392,-0.04470470848303966,0.7420132462345592,-0.3523045227183234,0.12040235937552941,-0.4755563543407302,-0.7501633808972655,0.0,-0.28015074233403564,-0.035444060250416784,-0.25871684190211097,1
-0.06224373083343811,-0.2709238994022919,0.052436722085935215,0.7420132462345592,-0.3523045227183234,-0.22793729103153662,-0.4755563543407302,-0.7501633808972655,0.0,-0.28015074233403564,-0.035444060250416784,-0.25871684190211097,1
-0.06224373083343811,-1.9198046416654817e-16,0.0,0.7420132462345592,2.838453484173765,0.12040235937552941,-0.4755563543407302,1.3330429416641303,0.0,-0.28015074233403564,-0.035444060250416784,-0.25871684190211097,1
0.10531082170270167,0.9948551076342459,0.052436722085935215,-1.3476848359171851,-0.3523045227183234,0.33476522116449314,-0.4755563543407302,-0.7501633808972655,0.0,-0.28015074233403564,-0.035444060250416784,-0.25871684190211097,1
-0.06224373083343811,1.0467312964472189,-0.0932754237675271,0.7420132462345592,2.838453484173765,0.06681164392828849,-0.4755563543407302,-0.7501633808972655,0.0,-0.28015074233403564,-0.035444060250416784,-0.25871684190211097,1
-0.06224373083343811,0.8807274922457059,-0.07708518533936462,0.7420132462345592,-0.3523045227183234,0.0,-0.4755563543407302,-0.7501633808972655,0.0,-0.28015074233403564,-0.035444060250416784,-0.25871684190211097,1
-0.06224373083343811,-0.92456387844575,-0.1742266159083395,0.7420132462345592,-0.3523045227183234,0.013220928481047563,-0.4755563543407302,1.3330429416641303,0.0,-0.28015074233403564,-0.035444060250416784,-0.25871684190211097,1
0.13323658045872497,2.0704214223565507,-0.10946566219568958,0.7420132462345592,-0.3523045227183234,0.17399307482277035,-0.4755563543407302,-0.7501633808972655,0.0,-0.28015074233403564,-0.035444060250416784,-0.25871684190211097,1
-0.06224373083343811,-1.0213994308966328,-0.0123242316267147,0.7420132462345592,-0.3523045227183234,-0.22793729103153662,-0.4755563543407302,1.3330429416641303,0.0,-0.28015074233403564,-0.035444060250416784,-0.25871684190211097,1
0.24493961548281812,2.0531293594188926,-0.02851447005487718,-1.3476848359171851,-0.3523045227183234,0.0,2.1028002062685345,-0.7501633808972655,0.0,-0.28015074233403564,-0.035444060250416784,3.865229618017538,1
-0.06224373083343811,-0.9349391162083447,-0.10946566219568958,0.7420132462345592,2.838453484173765,0.040016286204668024,-0.4755563543407302,1.3330429416641303,0.0,-0.28015074233403564,-0.035444060250416784,-0.25871684190211097,1
-0.06224373083343811,-0.9695232420836599,-0.06089494691120214,0.7420132462345592,-0.3523045227183234,-0.22793729103153662,-0.4755563543407302,-0.7501633808972655,0.0,-0.28015074233403564,-0.035444060250416784,-0.25871684190211097,1
-0.06224373083343811,-1.1320686336976415,-0.15803637748017701,0.7420132462345592,-0.3523045227183234,0.0,-0.4755563543407302,1.3330429416641303,0.0,-0.28015074233403564,-0.035444060250416784,-0.25871684190211097,1
-0.06224373083343811,-0.9971905427839122,-0.04470470848303966,0.7420132462345592,-0.3523045227183234,0.12040235937552941,2.1028002062685345,-0.7501633808972655,0.0,-0.28015074233403564,-0.035444060250416784,-0.25871684190211097,1
-0.03431797207741481,-0.92456387844575,-0.10946566219568958,0.7420132462345592,-0.3523045227183234,-0.22793729103153662,-0.4755563543407302,1.3330429416641303,0.0,-0.28015074233403564,-0.035444060250416784,-0.25871684190211097,1
-0.06224373083343811,-0.8346451511699304,-0.10946566219568958,0.7420132462345592,-0.3523045227183234,-0.12075586013705475,-0.4755563543407302,1.3330429416641303,0.0,-0.28015074233403564,-0.035444060250416784,-0.25871684190211097,1
-0.06224373083343811,-1.1631943469854253,-0.0932754237675271,0.7420132462345592,-0.3523045227183234,0.0,-0.4755563543407302,1.3330429416641303,0.0,-0.28015074233403564,-0.035444060250416784,-0.25871684190211097,1
-0.06224373083343811,-1.1631943469854253,-0.12565590062385207,-1.3476848359171851,-0.3523045227183234,-0.22793729103153662,-0.4755563543407302,1.3330429416641303,0.0,-0.28015074233403564,-0.035444060250416784,-0.25871684190211097,1
-0.03431797207741481,-0.6029315078053182,-0.07708518533936462,-1.3476848359171851,-0.3523045227183234,-0.22793729103153662,2.1028002062685345,1.3330429416641303,0.0,-0.28015074233403564,-0.035444060250416784,-0.25871684190211097,1
-0.06224373083343811,0.7216405132192556,-0.10946566219568958,0.7420132462345592,-0.3523045227183234,15.849277343140743,-0.4755563543407302,-0.7501633808972655,0.0,-0.28015074233403564,-0.035444060250416784,-0.25871684190211097,1
0.04945930419065508,-0.9453143539709392,-0.04470470848303966,0.7420132462345592,-0.3523045227183234,0.12040235937552941,-0.4755563543407302,-0.7501633808972655,0.0,-0.28015074233403564,-0.035444060250416784,-0.25871684190211097,1
-0.06224373083343811,1.859458254517127,-0.07708518533936462,0.7420132462345592,2.838453484173765,0.0,-0.4755563543407302,-0.7501633808972655,0.0,-0.28015074233403564,-0.035444060250416784,-0.25871684190211097,1
-0.03431797207741481,-0.4473029413663996,-0.0123242316267147,0.7420132462345592,-0.3523045227183234,-0.0135744292425729,-0.4755563543407302,-0.7501633808972655,0.0,-0.28015074233403564,-0.035444060250416784,-0.25871684190211097,1
-0.06224373083343811,0.3827160796411663,-0.10946566219568958,0.7420132462345592,-0.3523045227183234,-0.22793729103153662,-0.4755563543407302,-0.7501633808972655,0.0,-0.28015074233403564,-0.035444060250416784,-0.25871684190211097,1
-0.006392213321391517,-0.7101422980187955,-0.10946566219568958,-1.3476848359171851,-0.3523045227183234,-0.22793729103153662,-0.4755563543407302,-0.7501633808972655,0.0,-0.28015074233403564,-0.035444060250416784,-0.25871684190211097,1
-0.06224373083343811,-0.7101422980187955,-0.0932754237675271,0.7420132462345592,-0.3523045227183234,-0.22793729103153662,-0.4755563543407302,-0.7501633808972655,0.0,-0.28015074233403564,-0.035444060250416784,-0.25871684190211097,1
-0.06224373083343811,-0.04612708121274276,-0.0932754237675271,0.7420132462345592,2.838453484173765,0.06681164392828849,-0.4755563543407302,1.3330429416641303,0.0,-0.28015074233403564,-0.035444060250416784,-0.25871684190211097,1
0.02153354543463178,0.7769751146197601,0.003866006801447779,0.7420132462345592,2.838453484173765,0.0,-0.4755563543407302,-0.7501633808972655,0.0,-0.28015074233403564,-0.035444060250416784,-0.25871684190211097,1
0.02153354543463178,0.6870563873439404,-0.12565590062385207,0.7420132462345592,-0.3523045227183234,0.12040235937552941,-0.4755563543407302,-0.7501633808972655,0.0,-0.28015074233403564,-0.035444060250416784,-0.25871684190211097,1
-0.06224373083343811,-0.0634191441504004,-0.04470470848303966,0.7420132462345592,2.838453484173765,0.12040235937552941,-0.4755563543407302,-0.7501633808972655,0.0,-0.28015074233403564,-0.035444060250416784,-0.25871684190211097,1
-0.06224373083343811,-1.9198046416654817e-16,-0.10946566219568958,0.7420132462345592,-0.3523045227183234,-0.22793729103153662,-0.4755563543407302,-0.7501633808972655,0.0,-0.28015074233403564,-0.035444060250416784,-0.25871684190211097,1
-0.06224373083343811,-1.1666527595729568,-0.0123242316267147,-1.3476848359171851,-0.3523045227183234,0.0,-0.4755563543407302,1.3330429416641303,0.0,-0.28015074233403564,-0.035444060250416784,-0.25871684190211097,1
-0.06224373083343811,1.6554119118527673,-0.12565590062385207,0.7420132462345592,-0.3523045227183234,-0.22793729103153662,2.1028002062685345,1.3330429416641303,0.0,-0.28015074233403564,-0.035444060250416784,-0.25871684190211097,1
-0.06224373083343811,-0.07725279450052651,-0.12565590062385207,-1.3476848359171851,-0.3523045227183234,-0.09396050241343429,-0.4755563543407302,-0.7501633808972655,0.0,3.569506872152626,-0.035444060250416784,-0.25871684190211097,1
-0.06224373083343811,2.0220036461311093,0.020056245229610258,-1.3476848359171851,-0.3523045227183234,-0.09396050241343429,-0.4755563543407302,1.3330429416641303,0.0,-0.28015074233403564,-0.035444060250416784,3.865229618017538,1
-0.06224373083343811,0.18558656215186942,0.003866006801447779,0.7420132462345592,-0.3523045227183234,0.1471977170991499,-0.4755563543407302,-0.7501633808972655,0.0,-0.28015074233403564,-0.035444060250416784,-0.25871684190211097,1
-0.06224373083343811,-0.4473029413663996,0.0,-1.3476848359171851,-0.3523045227183234,-0.22793729103153662,2.1028002062685345,-0.7501633808972655,0.0,-0.28015074233403564,-0.035444060250416784,-0.25871684190211097,1
-0.06224373083343811,-1.2254457735609927,-0.06089494691120214,0.7420132462345592,-0.3523045227183234,0.1471977170991499,-0.4755563543407302,1.3330429416641303,0.0,-0.28015074233403564,-0.035444060250416784,-0.25871684190211097,1
-0.06224373083343811,-0.5060959553544355,-0.07708518533936462,0.7420132462345592,2.838453484173765,0.09360700165190895,-0.4755563543407302,1.3330429416641303,0.0,-0.28015074233403564,-0.035444060250416784,-0.25871684190211097,1
0.10531082170270167,1.3061122405120835,0.020056245229610258,-1.3476848359171851,-0.3523045227183234,-0.22793729103153662,2.1028002062685345,-0.7501633808972655,0.0,-0.28015074233403564,-0.035444060250416784,-0.25871684190211097,1
-0.06224373083343811,1.5897020726896682,-0.12565590062385207,0.7420132462345592,-0.3523045227183234,-0.06716514468981383,-0.4755563543407302,-0.7501633808972655,0.0,-0.28015074233403564,-0.035444060250416784,-0.25871684190211097,1
-0.06224373083343811,-0.22596453576438202,0.08481719894226017,0.7420132462345592,-0.3523045227183234,0.0,2.1028002062685345,-0.7501633808972655,0.0,-0.28015074233403564,-0.035444060250416784,-0.25871684190211097,1
-0.06224373083343811,0.45188433139179685,0.0,0.7420132462345592,-0.3523045227183234,-0.22793729103153662,-0.4755563543407302,-0.7501633808972655,0.0,-0.28015074233403564,-0.035444060250416784,-0.25871684190211097,1
0.0,0.15100243627655413,-0.1742266159083395,-1.3476848359171851,-0.3523045227183234,-0.22793729103153662,-0.4755563543407302,-0.7501633808972655,0.0,-0.28015074233403564,-0.035444060250416784,-0.25871684190211097,1
-0.06224373083343811,0.7631414642696339,-0.14184613905201454,-1.3476848359171851,-0.3523045227183234,-0.09396050241343429,-0.4755563543407302,-0.7501633808972655,0.0,-0.28015074233403564,-0.035444060250416784,-0.25871684190211097,1
-0.06224373083343811,2.0427541216562983,0.0,-1.3476848359171851,-0.3523045227183234,0.013220928481047563,-0.4755563543407302,-0.7501633808972655,0.0,-0.28015074233403564,-0.035444060250416784,-0.25871684190211097,1
-0.06224373083343811,1.4409903314258126,-0.10946566219568958,-1.3476848359171851,-0.3523045227183234,-0.0135744292425729,-0.4755563543407302,1.3330429416641303,0.0,-0.28015074233403564,-0.035444060250416784,-0.25871684190211097,1
-0.06224373083343811,1.8317909538168755,-0.02851447005487718,-1.3476848359171851,-0.3523045227183234,0.3615605788881136,2.1028002062685345,1.3330429416641303,0.0,-0.28015074233403564,-0.035444060250416784,-0.25871684190211097,1
-0.06224373083343811,0.4484259188042653,0.0,0.7420132462345592,-0.3523045227183234,-0.22793729103153662,-0.4755563543407302,-0.7501633808972655,0.0,-0.28015074233403564,-0.035444060250416784,-0.25871684190211097,1
-0.06224373083343811,1.6484950866777044,-0.10946566219568958,0.7420132462345592,2.838453484173765,0.06681164392828849,-0.4755563543407302,-0.7501633808972655,0.0,-0.28015074233403564,-0.035444060250416784,-0.25871684190211097,1
-0.03431797207741481,-0.5648889693424716,-0.04470470848303966,0.7420132462345592,-0.3523045227183234,-0.22793729103153662,-0.4755563543407302,-0.7501633808972655,0.0,-0.28015074233403564,-0.035444060250416784,-0.25871684190211097,1
0.04945930419065508,2.0635045971814874,-0.06089494691120214,0.7420132462345592,-0.3523045227183234,-0.09396050241343429,-0.4755563543407302,-0.7501633808972655,0.0,-0.28015074233403564,-0.035444060250416784,-0.25871684190211097,1
-0.06224373083343811,-1.1701111721604884,-0.1742266159083395,0.7420132462345592,-0.3523045227183234,-0.22793729103153662,-0.4755563543407302,-0.7501633808972655,0.0,-0.28015074233403564,-0.035444060250416784,-0.25871684190211097,1
-0.06224373083343811,1.8629166671046589,-0.14184613905201454,0.7420132462345592,2.838453484173765,-0.0135744292425729,-0.4755563543407302,1.3330429416641303,0.0,-0.28015074233403564,-0.035444060250416784,-0.25871684190211097,1
-0.06224373083343811,-1.266946724611371,-0.10946566219568958,0.7420132462345592,2.838453484173765,-0.06716514468981383,-0.4755563543407302,-0.7501633808972655,0.0,-0.28015074233403564,-0.035444060250416784,-0.25871684190211097,1
-0.06224373083343811,0.061083709000734406,-0.10946566219568958,0.7420132462345592,-0.3523045227183234,-0.09396050241343429,2.1028002062685345,1.3330429416641303,0.0,-0.28015074233403564,-0.035444060250416784,-0.25871684190211097,1
-0.06224373083343811,-1.1735695847480199,-0.0932754237675271,-1.3476848359171851,-0.3523045227183234,-0.09396050241343429,-0.4755563543407302,1.3330429416641303,0.0,-0.28015074233403564,-0.035444060250416784,-0.25871684190211097,1
0.02153354543463178,0.7423909887444448,-0.12565590062385207,0.7420132462345592,-0.3523045227183234,-0.06716514468981383,-0.4755563543407302,-0.7501633808972655,0.0,-0.28015074233403564,-0.035444060250416784,-0.25871684190211097,1
-0.03431797207741481,-0.8277283259948673,-0.12565590062385207,0.7420132462345592,-0.3523045227183234,-0.09396050241343429,-0.4755563543407302,-0.7501633808972655,0.0,-0.28015074233403564,-0.035444060250416784,-0.25871684190211097,1
-0.06224373083343811,1.1746925621858855,-0.0932754237675271,0.7420132462345592,-0.3523045227183234,-0.22793729103153662,-0.4755563543407302,1.3330429416641303,0.0,-0.28015074233403564,-0.035444060250416784,-0.25871684190211097,1
-0.06224373083343811,-0.9522311791460023,-0.02851447005487718,-1.3476848359171851,-0.3523045227183234,-0.22793729103153662,-0.4755563543407302,1.3330429416641303,0.0,-0.28015074233403564,-0.035444060250416784,-0.25871684190211097,1
-0.06224373083343811,-1.1009429204098578,-0.14184613905201454,0.7420132462345592,2.838453484173765,-0.040369786966193366,-0.4755563543407302,1.3330429416641303,0.0,-0.28015074233403564,-0.035444060250416784,-0.25871684190211097,1
-0.06224373083343811,1.3476131915624618,-0.06089494691120214,0.7420132462345592,2.838453484173765,0.12040235937552941,-0.4755563543407302,-0.7501633808972655,0.0,-0.28015074233403564,-0.035444060250416784,-0.25871684190211097,1
-0.06224373083343811,-1.1389854588727046,-0.15803637748017701,-1.3476848359171851,-0.3523045227183234,-0.22793729103153662,-0.4755563543407302,1.3330429416641303,0.0,-0.28015074233403564,-0.035444060250416784,-0.25871684190211097,1
-0.006392213321391517,0.1613776740391487,-0.04470470848303966,0.7420132462345592,-0.3523045227183234,0.040016286204668024,-0.4755563543407302,-0.7501633808972655,0.0,-0.28015074233403564,-0.035444060250416784,-0.25871684190211097,1
-0.06224373083343811,-0.3228000882152648,-0.0932754237675271,-1.3476848359171851,-0.3523045227183234,0.013220928481047563,-0.4755563543407302,-0.7501633808972655,0.0,-0.28015074233403564,-0.035444060250416784,-0.25871684190211097,1
-0.03431797207741481,-0.5718057945175345,-0.07708518533936462,0.7420132462345592,-0.3523045227183234,-0.22793729103153662,-0.4755563543407302,-0.7501633808972655,0.0,3.569506872152626,-0.035444060250416784,-0.25871684190211097,1
-0.06224373083343811,0.22017068802718467,-0.10946566219568958,0.7420132462345592,-0.3523045227183234,-0.09396050241343429,2.1028002062685345,1.3330429416641303,0.0,-0.28015074233403564,-0.035444060250416784,-0.25871684190211097,1
-0.06224373083343811,0.18212814956433787,-0.0123242316267147,0.7420132462345592,2.838453484173765,0.2007884325463908,-0.4755563543407302,1.3330429416641303,0.0,-0.28015074233403564,-0.035444060250416784,-0.25871684190211097,1
-0.06224373083343811,-0.56143055675494,-0.12565590062385207,0.7420132462345592,-0.3523045227183234,-0.09396050241343429,-0.4755563543407302,-0.7501633808972655,0.0,-0.28015074233403564,-0.035444060250416784,-0.25871684190211097,1
-0.06224373083343811,1.191984625123543,-0.0932754237675271,0.7420132462345592,2.838453484173765,0.013220928481047563,-0.4755563543407302,-0.7501633808972655,0.0,-0.28015074233403564,-0.035444060250416784,-0.25871684190211097,1
-0.06224373083343811,-0.6720997595559488,-0.1742266159083395,-1.3476848359171851,-0.3523045227183234,-0.12075586013705475,-0.4755563543407302,1.3330429416641303,0.0,-0.28015074233403564,-0.035444060250416784,-0.25871684190211097,1
-0.03431797207741481,-0.4818870672417149,0.0,-1.3476848359171851,-0.3523045227183234,-0.22793729103153662,-0.4755563543407302,-0.7501633808972655,0.0,-0.28015074233403564,-0.035444060250416784,-0.25871684190211097,1
-0.06224373083343811,-0.4784286546541833,-0.0932754237675271,0.7420132462345592,-0.3523045227183234,-0.22793729103153662,-0.4755563543407302,1.3330429416641303,0.0,-0.28015074233403564,-0.035444060250416784,-0.25871684190211097,1
-0.06224373083343811,-0.6790165847310119,-0.04470470848303966,-1.3476848359171851,-0.3523045227183234,-0.12075586013705475,-0.4755563543407302,1.3330429416641303,0.0,-0.28015074233403564,-0.035444060250416784,-0.25871684190211097,1
-0.06224373083343811,2.0738798349440817,-0.02851447005487718,0.7420132462345592,-0.3523045227183234,-0.22793729103153662,-0.4755563543407302,-0.7501633808972655,0.0,-0.28015074233403564,-0.035444060250416784,-0.25871684190211097,1
-0.06224373083343811,0.6213465481808413,-0.12565590062385207,0.7420132462345592,2.838453484173765,-0.0135744292425729,-0.4755563543407302,-0.7501633808972655,0.0,-0.28015074233403564,-0.035444060250416784,-0.25871684190211097,1
-0.06224373083343811,-0.7205175357813901,-0.12565590062385207,0.7420132462345592,-0.3523045227183234,-0.06716514468981383,-0.4755563543407302,1.3330429416641303,0.0,-0.28015074233403564,-0.035444060250416784,-0.25871684190211097,1
-0.06224373083343811,-0.43001087842874197,-0.0932754237675271,0.7420132462345592,-0.3523045227183234,-0.09396050241343429,-0.4755563543407302,-0.7501633808972655,0.0,-0.28015074233403564,-0.035444060250416784,-0.25871684190211097,1
-0.06224373083343811,0.2755052894276889,0.003866006801447779,0.7420132462345592,-0.3523045227183234,-0.22793729103153662,2.1028002062685345,1.3330429416641303,0.0,-0.28015074233403564,-0.035444060250416784,-0.25871684190211097,1
-0.006392213321391517,-0.1982972350641298,-0.02851447005487718,-1.3476848359171851,-0.3523045227183234,0.2007884325463908,-0.4755563543407302,-0.7501633808972655,0.0,3.569506872152626,-0.035444060250416784,-0.25871684190211097,1
-0.06224373083343811,2.0392957090687664,-0.06089494691120214,-1.3476848359171851,-0.3523045227183234,-0.22793729103153662,-0.4755563543407302,1.3330429416641303,0.0,-0.28015074233403564,-0.035444060250416784,-0.25871684190211097,1
-0.06224373083343811,0.8426849537828591,-0.0932754237675271,0.7420132462345592,-0.3523045227183234,-0.09396050241343429,2.1028002062685345,-0.7501633808972655,0.0,-0.28015074233403564,-0.035444060250416784,-0.25871684190211097,1
-0.03431797207741481,-0.19138040988906693,-0.06089494691120214,-1.3476848359171851,-0.3523045227183234,0.1471977170991499,-0.4755563543407302,-0.7501633808972655,0.0,-0.28015074233403564,-0.035444060250416784,-0.25871684190211097,1
-0.06224373083343811,-1.2704051371989027,-0.0932754237675271,0.7420132462345592,2.838453484173765,-0.040369786966193366,-0.4755563543407302,1.3330429416641303,0.0,-0.28015074233403564,-0.035444060250416784,-0.25871684190211097,1
-0.06224373083343811,1.9493769817929467,-0.02851447005487718,0.7420132462345592,-0.3523045227183234,-0.22793729103153662,-0.4755563543407302,-0.7501633808972655,0.0,-0.28015074233403564,-0.035444060250416784,-0.25871684190211097,1
-0.06224373083343811,1.243860813936516,-0.14184613905201454,0.7420132462345592,-0.3523045227183234,0.0,2.1028002062685345,-0.7501633808972655,0.0,-0.28015074233403564,-0.035444060250416784,-0.25871684190211097,1
-0.06224373083343811,-0.4127188154910843,-0.07708518533936462,0.7420132462345592,-0.3523045227183234,-0.22793729103153662,-0.4755563543407302,1.3330429416641303,0.0,-0.28015074233403564,-0.035444060250416784,-0.25871684190211097,1
-0.03431797207741481,-1.1770279973355513,-0.04470470848303966,0.7420132462345592,2.838453484173765,0.1471977170991499,-0.4755563543407302,1.3330429416641303,0.0,-0.28015074233403564,-0.035444060250416784,-0.25871684190211097,1
-0.06224373083343811,0.5418030586676166,-0.0123242316267147,-1.3476848359171851,-0.3523045227183234,-0.22793729103153662,-0.4755563543407302,-0.7501633808972655,0.0,-0.28015074233403564,-0.035444060250416784,-0.25871684190211097,1
-0.06224373083343811,1.9390017440303524,-0.07708518533936462,-1.3476848359171851,-0.3523045227183234,-0.0135744292425729,-0.4755563543407302,-0.7501633808972655,0.0,-0.28015074233403564,-0.035444060250416784,-0.25871684190211097,1
-0.06224373083343811,-0.9626064169085968,-0.12565590062385207,0.7420132462345592,-0.3523045227183234,-0.22793729103153662,-0.4755563543407302,1.3330429416641303,0.0,-0.28015074233403564,-0.035444060250416784,-0.25871684190211097,1
0.07738506294667838,-1.1320686336976415,-0.04470470848303966,0.7420132462345592,-0.3523045227183234,-0.0135744292425729,2.1028002062685345,-0.7501633808972655,0.0,-0.28015074233403564,-0.035444060250416784,-0.25871684190211097,0
0.07738506294667838,0.770058289444697,0.0,-1.3476848359171851,-0.3523045227183234,0.441946652058975,-0.4755563543407302,-0.7501633808972655,0.0,3.569506872152626,-0.035444060250416784,-0.25871684190211097,0
0.9151578256273772,-0.46459500430405726,0.020056245229610258,-1.3476848359171851,-0.3523045227183234,-0.0135744292425729,-0.4755563543407302,-0.7501633808972655,0.0,-0.28015074233403564,-0.035444060250416784,3.865229618017538,0
-0.03431797207741481,-1.0179410183091013,-0.0932754237675271,-1.3476848359171851,-0.3523045227183234,-0.06716514468981383,-0.4755563543407302,-0.7501633808972655,0.0,3.569506872152626,-0.035444060250416784,3.865229618017538,0
0.02153354543463178,-1.2427378364986503,0.052436722085935215,-1.3476848359171851,-0.3523045227183234,0.22758379027001127,-0.4755563543407302,-0.7501633808972655,0.0,3.569506872152626,-0.035444060250416784,-0.25871684190211097,0
-0.06224373083343811,-1.0836508574722001,-0.12565590062385207,0.7420132462345592,-0.3523045227183234,0.09360700165190895,2.1028002062685345,-0.7501633808972655,0.0,-0.28015074233403564,-0.035444060250416784,3.865229618017538,0
-0.03431797207741481,-1.0629003819470109,0.052436722085935215,-1.3476848359171851,-0.3523045227183234,0.1471977170991499,-0.4755563543407302,-0.7501633808972655,0.0,-0.28015074233403564,-0.035444060250416784,-0.25871684190211097,0
-0.006392213321391517,0.1613776740391487,0.003866006801447779,-1.3476848359171851,-0.3523045227183234,-0.06716514468981383,2.1028002062685345,-0.7501633808972655,0.0,-0.28015074233403564,-0.035444060250416784,-0.25871684190211097,0
-0.03431797207741481,0.04033323347554524,-0.02851447005487718,-1.3476848359171851,-0.3523045227183234,-0.09396050241343429,-0.4755563543407302,-0.7501633808972655,0.0,-0.28015074233403564,-0.035444060250416784,-0.25871684190211097,0
-0.03431797207741481,-0.3885099273783638,0.003866006801447779,0.7420132462345592,-0.3523045227183234,0.1471977170991499,2.1028002062685345,-0.7501633808972655,0.0,-0.28015074233403564,-0.035444060250416784,-0.25871684190211097,0
-0.03431797207741481,-1.1182349833475154,-0.10946566219568958,-1.3476848359171851,-0.3523045227183234,-0.040369786966193366,-0.4755563543407302,-0.7501633808972655,0.0,-0.28015074233403564,-0.035444060250416784,-0.25871684190211097,0
-0.03431797207741481,-1.0732756197096056,-0.12565590062385207,-1.3476848359171851,-0.3523045227183234,-0.12075586013705475,2.1028002062685345,-0.7501633808972655,0.0,-0.28015074233403564,-0.035444060250416784,-0.25871684190211097,0
-0.06224373083343811,-1.1459022840477677,-0.0932754237675271,-1.3476848359171851,-0.3523045227183234,-0.22793729103153662,2.1028002062685345,-0.7501633808972655,0.0,-0.28015074233403564,-0.035444060250416784,-0.25871684190211097,0
0.07738506294667838,-0.7101422980187955,-0.10946566219568958,-1.3476848359171851,-0.3523045227183234,0.0,-0.4755563543407302,-0.7501633808972655,0.0,3.569506872152626,-0.035444060250416784,3.865229618017538,0
-0.03431797207741481,-1.135527046285173,0.11719767579858513,-1.3476848359171851,-0.3523045227183234,0.09360700165190895,-0.4755563543407302,-0.7501633808972655,0.0,3.569506872152626,-0.035444060250416784,3.865229618017538,0
0.02153354543463178,1.9977947580183881,-0.10946566219568958,0.7420132462345592,-0.3523045227183234,-0.09396050241343429,-0.4755563543407302,-0.7501633808972655,0.0,-0.28015074233403564,-0.035444060250416784,-0.25871684190211097,0
0.13323658045872497,-0.6824749973185433,-0.10946566219568958,-1.3476848359171851,-0.3523045227183234,0.2007884325463908,-0.4755563543407302,-0.7501633808972655,0.0,3.569506872152626,-0.035444060250416784,3.865229618017538,0
0.10531082170270167,2.015086820956046,-0.06089494691120214,-1.3476848359171851,-0.3523045227183234,0.1471977170991499,-0.4755563543407302,-0.7501633808972655,0.0,-0.28015074233403564,-0.035444060250416784,-0.25871684190211097,0
-0.006392213321391517,-0.26746548681476034,-0.1742266159083395,-1.3476848359171851,-0.3523045227183234,0.2007884325463908,-0.4755563543407302,-0.7501633808972655,0.0,3.569506872152626,-0.035444060250416784,-0.25871684190211097,0
0.04945930419065508,0.472634806916986,-0.04470470848303966,-1.3476848359171851,-0.3523045227183234,0.09360700165190895,-0.4755563543407302,-0.7501633808972655,0.0,3.569506872152626,-0.035444060250416784,3.865229618017538,0
0.0,-1.2254457735609927,-0.07708518533936462,-1.3476848359171851,-0.3523045227183234,0.25437914799363176,-0.4755563543407302,-0.7501633808972655,0.0,3.569506872152626,-0.035444060250416784,3.865229618017538,0
-0.06224373083343811,-1.246196249086182,0.0,0.7420132462345592,-0.3523045227183234,0.38835593661173406,2.1028002062685345,-0.7501633808972655,0.0,-0.28015074233403564,-0.035444060250416784,-0.25871684190211097,0
0.13323658045872497,-0.2778407245773549,-0.02851447005487718,-1.3476848359171851,-0.3523045227183234,0.2007884325463908,-0.4755563543407302,-0.7501633808972655,0.0,3.569506872152626,-0.035444060250416784,-0.25871684190211097,0
-0.06224373083343811,-0.15679628401375165,-0.02851447005487718,-1.3476848359171851,-0.3523045227183234,-0.1475512178606752,2.1028002062685345,-0.7501633808972655,0.0,-0.28015074233403564,-0.035444060250416784,-0.25871684190211097,0
-0.03431797207741481,1.6450366740901727,-0.06089494691120214,-1.3476848359171851,-0.3523045227183234,-0.06716514468981383,2.1028002062685345,-0.7501633808972655,0.0,-0.28015074233403564,-0.035444060250416784,-0.25871684190211097,0
0.13323658045872497,0.3550487789409141,0.020056245229610258,0.7420132462345592,-0.3523045227183234,0.09360700165190895,-0.4755563543407302,-0.7501633808972655,0.0,3.569506872152626,-0.035444060250416784,3.865229618017538,0
0.49627144428702785,-0.9660648294961284,-0.06089494691120214,-1.3476848359171851,-0.3523045227183234,0.46874200978259545,-0.4755563543407302,-0.7501633808972655,0.0,3.569506872152626,-0.035444060250416784,3.865229618017538,0
0.07738506294667838,-1.0248578434841644,-0.0932754237675271,-1.3476848359171851,-0.3523045227183234,-0.09396050241343429,-0.4755563543407302,-0.7501633808972655,0.0,-0.28015074233403564,-0.035444060250416784,3.865229618017538,0
0.07738506294667838,0.08183418452592357,-0.0932754237675271,-1.3476848359171851,-0.3523045227183234,0.5759234406770773,-0.4755563543407302,-0.7501633808972655,0.0,3.569506872152626,28.213471959331763,3.865229618017538,0
-0.006392213321391517,1.053648121622282,0.0686269605140977,-1.3476848359171851,-0.3523045227183234,0.22758379027001127,-0.4755563543407302,-0.7501633808972655,0.0,-0.28015074233403564,-0.035444060250416784,3.865229618017538,0
-0.06224373083343811,-0.7723937245943631,8.714214281152861,-1.3476848359171851,-0.3523045227183234,-0.22793729103153662,2.1028002062685345,-0.7501633808972655,0.0,-0.28015074233403564,-0.035444060250416784,-0.25871684190211097,0
-0.06224373083343811,-0.8208115008198044,-0.02851447005487718,-1.3476848359171851,-0.3523045227183234,0.2007884325463908,2.1028002062685345,-0.7501633808972655,0.0,-0.28015074233403564,-0.035444060250416784,-0.25871684190211097,0
-0.03431797207741481,0.5418030586676166,-0.07708518533936462,-1.3476848359171851,-0.3523045227183234,0.040016286204668024,-0.4755563543407302,-0.7501633808972655,0.0,-0.28015074233403564,-0.035444060250416784,-0.25871684190211097,0
-0.006392213321391517,-1.1009429204098578,-0.0123242316267147,-1.3476848359171851,-0.3523045227183234,0.12040235937552941,-0.4755563543407302,-0.7501633808972655,0.0,-0.28015074233403564,-0.035444060250416784,3.865229618017538,0
-0.03431797207741481,-1.2046952980358037,-0.10946566219568958,-1.3476848359171851,-0.3523045227183234,-0.040369786966193366,2.1028002062685345,-0.7501633808972655,0.0,-0.28015074233403564,-0.035444060250416784,-0.25871684190211097,0
-0.03431797207741481,-0.8138946756447413,-0.07708518533936462,-1.3476848359171851,-0.3523045227183234,0.17399307482277035,-0.4755563543407302,-0.7501633808972655,0.0,-0.28015074233403564,-0.035444060250416784,3.865229618017538,0
0.10531082170270167,-0.18792199730153542,-0.0932754237675271,-1.3476848359171851,-0.3523045227183234,0.441946652058975,-0.4755563543407302,-0.7501633808972655,0.0,3.569506872152626,-0.035444060250416784,-0.25871684190211097,0
0.3007911329948647,-1.1839448225106144,-0.04470470848303966,-1.3476848359171851,-0.3523045227183234,0.17399307482277035,-0.4755563543407302,-0.7501633808972655,0.0,-0.28015074233403564,-0.035444060250416784,-0.25871684190211097,0
0.21701385672679485,-1.1044013329973894,-0.0932754237675271,-1.3476848359171851,-0.3523045227183234,0.33476522116449314,-0.4755563543407302,-0.7501633808972655,0.0,-0.28015074233403564,-0.035444060250416784,-0.25871684190211097,0
0.24493961548281812,-0.6029315078053182,-0.12565590062385207,-1.3476848359171851,-0.3523045227183234,0.12040235937552941,-0.4755563543407302,-0.7501633808972655,0.0,3.569506872152626,-0.035444060250416784,3.865229618017538,0
0.24493961548281812,-1.2496546616737134,-0.12565590062385207,-1.3476848359171851,-0.3523045227183234,0.5491280829534568,-0.4755563543407302,-0.7501633808972655,0.0,-0.28015074233403564,-0.035444060250416784,3.865229618017538,0
0.7755290318472607,-1.239279423911119,-0.12565590062385207,-1.3476848359171851,-0.3523045227183234,0.5491280829534568,-0.4755563543407302,-0.7501633808972655,0.0,3.569506872152626,-0.035444060250416784,3.865229618017538,0
0.46834568553100453,-0.8035194378821466,-0.06089494691120214,-1.3476848359171851,-0.3523045227183234,0.1471977170991499,-0.4755563543407302,-0.7501633808972655,0.0,3.569506872152626,-0.035444060250416784,3.865229618017538,0
0.18908809797077153,1.873291904867253,0.003866006801447779,-1.3476848359171851,-0.3523045227183234,0.25437914799363176,-0.4755563543407302,-0.7501633808972655,0.0,-0.28015074233403564,-0.035444060250416784,3.865229618017538,0
0.13323658045872497,0.4899268698546437,-0.04470470848303966,-1.3476848359171851,-0.3523045227183234,0.12040235937552941,-0.4755563543407302,-0.7501633808972655,0.0,3.569506872152626,-0.035444060250416784,-0.25871684190211097,0
0.9430835843834006,-0.851937214107588,-0.07708518533936462,-1.3476848359171851,-0.3523045227183234,0.040016286204668024,-0.4755563543407302,-0.7501633808972655,0.0,3.569506872152626,-0.035444060250416784,-0.25871684190211097,0
0.02153354543463178,-1.0075657805465068,0.08481719894226017,-1.3476848359171851,-0.3523045227183234,0.5759234406770773,-0.4755563543407302,-0.7501633808972655,0.0,3.569506872152626,-0.035444060250416784,-0.25871684190211097,0
3.7635852187417536,-1.3603238644747222,0.0,-1.3476848359171851,-0.3523045227183234,0.38835593661173406,-0.4755563543407302,-0.7501633808972655,0.0,3.569506872152626,-0.035444060250416784,3.865229618017538,0
-0.006392213321391517,-0.9280222910332816,-0.02851447005487718,-1.3476848359171851,-0.3523045227183234,0.12040235937552941,2.1028002062685345,-0.7501633808972655,0.0,-0.28015074233403564,-0.035444060250416784,-0.25871684190211097,0
0.3007911329948647,-0.983356892433786,-0.04470470848303966,0.7420132462345592,-0.3523045227183234,0.3079698634408727,-0.4755563543407302,-0.7501633808972655,0.0,-0.28015074233403564,-0.035444060250416784,-0.25871684190211097,0
-0.03431797207741481,-1.3049892630742177,-0.04470470848303966,-1.3476848359171851,-0.3523045227183234,0.1471977170991499,-0.4755563543407302,-0.7501633808972655,0.0,3.569506872152626,-0.035444060250416784,3.865229618017538,0
-0.03431797207741481,-0.9798984798462544,-0.10946566219568958,0.7420132462345592,-0.3523045227183234,0.013220928481047563,2.1028002062685345,-0.7501633808972655,0.0,-0.28015074233403564,-0.035444060250416784,-0.25871684190211097,0
-0.03431797207741481,-1.1735695847480199,-0.0932754237675271,-1.3476848359171851,-0.3523045227183234,-0.0135744292425729,-0.4755563543407302,-0.7501633808972655,0.0,3.569506872152626,-0.035444060250416784,-0.25871684190211097,0
-0.006392213321391517,-1.0974845078223263,-0.10946566219568958,-1.3476848359171851,-0.3523045227183234,-0.040369786966193366,-0.4755563543407302,-0.7501633808972655,0.0,3.569506872152626,-0.035444060250416784,3.865229618017538,0
-0.06224373083343811,-1.2289041861485244,-0.12565590062385207,-1.3476848359171851,-0.3523045227183234,-0.12075586013705475,2.1028002062685345,-0.7501633808972655,0.0,-0.28015074233403564,-0.035444060250416784,-0.25871684190211097,0
-0.03431797207741481,-1.1320686336976415,-0.04470470848303966,-1.3476848359171851,-0.3523045227183234,0.1471977170991499,-0.4755563543407302,-0.7501633808972655,0.0,-0.28015074233403564,-0.035444060250416784,3.865229618017538,0
-0.06224373083343811,-1.201236885448272,-0.02851447005487718,0.7420132462345592,-0.3523045227183234,-0.22793729103153662,2.1028002062685345,-0.7501633808972655,0.0,-0.28015074233403564,-0.035444060250416784,-0.25871684190211097,0
-0.06224373083343811,-1.1389854588727046,-0.1742266159083395,0.7420132462345592,-0.3523045227183234,-0.22793729103153662,2.1028002062685345,-0.7501633808972655,0.0,-0.28015074233403564,-0.035444060250416784,-0.25871684190211097,0
-0.06224373083343811,-1.1078597455849208,-0.0932754237675271,0.7420132462345592,-0.3523045227183234,0.22758379027001127,2.1028002062685345,-0.7501633808972655,0.0,-0.28015074233403564,-0.035444060250416784,-0.25871684190211097,0
-0.03431797207741481,-1.0213994308966328,0.036246483657772735,-1.3476848359171851,-0.3523045227183234,0.5223327252298363,-0.4755563543407302,-0.7501633808972655,0.0,3.569506872152626,-0.035444060250416784,-0.25871684190211097,0
-0.06224373083343811,-0.8657708644577142,0.020056245229610258,-1.3476848359171851,-0.3523045227183234,0.3615605788881136,-0.4755563543407302,-0.7501633808972655,0.0,-0.28015074233403564,-0.035444060250416784,3.865229618017538,0
0.02153354543463178,-0.5925562700427237,-0.0932754237675271,-1.3476848359171851,-0.3523045227183234,-0.06716514468981383,-0.4755563543407302,-0.7501633808972655,0.0,-0.28015074233403564,-0.035444060250416784,3.865229618017538,0
-0.03431797207741481,-1.384532752587443,-0.0123242316267147,-1.3476848359171851,-0.3523045227183234,0.2007884325463908,-0.4755563543407302,-0.7501633808972655,0.0,3.569506872152626,-0.035444060250416784,-0.25871684190211097,0
-0.06224373083343811,-1.2911556127240915,-0.0123242316267147,0.7420132462345592,-0.3523045227183234,0.12040235937552941,-0.4755563543407302,-0.7501633808972655,0.0,-0.28015074233403564,-0.035444060250416784,-0.25871684190211097,0
-0.03431797207741481,-1.3603238644747222,0.052436722085935215,-1.3476848359171851,-0.3523045227183234,-0.12075586013705475,-0.4755563543407302,-0.7501633808972655,0.0,-0.28015074233403564,-0.035444060250416784,-0.25871684190211097,0
-0.06224373083343811,-1.2185289483859296,0.003866006801447779,0.7420132462345592,-0.3523045227183234,0.1471977170991499,2.1028002062685345,-0.7501633808972655,0.0,-0.28015074233403564,-0.035444060250416784,-0.25871684190211097,0
-0.06224373083343811,-1.1389854588727046,0.003866006801447779,-1.3476848359171851,-0.3523045227183234,0.06681164392828849,2.1028002062685345,-0.7501633808972655,0.0,-0.28015074233403564,-0.035444060250416784,-0.25871684190211097,0
-0.06224373083343811,-1.1009429204098578,0.0,-1.3476848359171851,-0.3523045227183234,0.12040235937552941,2.1028002062685345,-0.7501633808972655,0.0,-0.28015074233403564,-0.035444060250416784,-0.25871684190211097,0
-0.03431797207741481,-0.851937214107588,-0.0123242316267147,-1.3476848359171851,-0.3523045227183234,0.06681164392828849,-0.4755563543407302,-0.7501633808972655,0.0,3.569506872152626,-0.035444060250416784,3.865229618017538,0
-0.06224373083343811,-1.2046952980358037,-0.12565590062385207,0.7420132462345592,-0.3523045227183234,-0.22793729103153662,2.1028002062685345,-0.7501633808972655,0.0,-0.28015074233403564,-0.035444060250416784,-0.25871684190211097,0
-0.06224373083343811,-1.2427378364986503,15.902680143257003,-1.3476848359171851,-0.3523045227183234,-0.22793729103153662,2.1028002062685345,-0.7501633808972655,0.0,-0.28015074233403564,-0.035444060250416784,-0.25871684190211097,0
-0.06224373083343811,-1.239279423911119,-0.12565590062385207,-1.3476848359171851,-0.3523045227183234,-0.040369786966193366,2.1028002062685345,-0.7501633808972655,0.0,-0.28015074233403564,-0.035444060250416784,-0.25871684190211097,0
27.86351502518986,-1.2842387875490286,-0.14184613905201454,-1.3476848359171851,-0.3523045227183234,0.3615605788881136,-0.4755563543407302,-0.7501633808972655,0.0,-0.28015074233403564,-0.035444060250416784,3.865229618017538,0
-0.06224373083343811,-1.180486409923083,-0.04470470848303966,-1.3476848359171851,-0.3523045227183234,0.12040235937552941,2.1028002062685345,-0.7501633808972655,0.0,-0.28015074233403564,-0.035444060250416784,-0.25871684190211097,0
-0.06224373083343811,-1.9198046416654817e-16,0.003866006801447779,-1.3476848359171851,-0.3523045227183234,0.17399307482277035,2.1028002062685345,-0.7501633808972655,0.0,-0.28015074233403564,-0.035444060250416784,-0.25871684190211097,0
-0.03431797207741481,-0.5441384938172824,-0.12565590062385207,-1.3476848359171851,-0.3523045227183234,0.17399307482277035,-0.4755563543407302,-0.7501633808972655,0.0,3.569506872152626,-0.035444060250416784,-0.25871684190211097,0
-0.06224373083343811,-0.9383975287958761,-0.10946566219568958,-1.3476848359171851,-0.3523045227183234,0.33476522116449314,2.1028002062685345,-0.7501633808972655,0.0,-0.28015074233403564,-0.035444060250416784,3.865229618017538,0
-0.06224373083343811,-1.2289041861485244,-0.06089494691120214,-1.3476848359171851,-0.3523045227183234,0.0,2.1028002062685345,-0.7501633808972655,0.0,-0.28015074233403564,-0.035444060250416784,-0.25871684190211097,0
-0.06224373083343811,-1.2046952980358037,-0.02851447005487718,-1.3476848359171851,-0.3523045227183234,-0.22793729103153662,2.1028002062685345,-0.7501633808972655,0.0,-0.28015074233403564,-0.035444060250416784,-0.25871684190211097,0
-0.06224373083343811,-0.8692292770452458,-0.0932754237675271,-1.3476848359171851,-0.3523045227183234,-0.0135744292425729,2.1028002062685345,-0.7501633808972655,0.0,-0.28015074233403564,-0.035444060250416784,-0.25871684190211097,0
-0.06224373083343811,-1.1078597455849208,-0.07708518533936462,-1.3476848359171851,-0.3523045227183234,0.12040235937552941,2.1028002062685345,-0.7501633808972655,0.0,-0.28015074233403564,-0.035444060250416784,-0.25871684190211097,0
-0.06224373083343811,-1.1597359343978937,-0.0932754237675271,-1.3476848359171851,-0.3523045227183234,0.09360700165190895,2.1028002062685345,-0.7501633808972655,0.0,-0.28015074233403564,-0.035444060250416784,3.865229618017538,0
-0.06224373083343811,-1.2427378364986503,-0.14184613905201454,-1.3476848359171851,-0.3523045227183234,-0.17434657558429567,2.1028002062685345,-0.7501633808972655,0.0,-0.28015074233403564,-0.035444060250416784,-0.25871684190211097,0
-0.06224373083343811,-1.3015308504866863,0.0,-1.3476848359171851,-0.3523045227183234,0.2007884325463908,2.1028002062685345,-0.7501633808972655,0.0,-0.28015074233403564,-0.035444060250416784,-0.25871684190211097,0
-0.06224373083343811,-0.9798984798462544,-0.06089494691120214,-1.3476848359171851,-0.3523045227183234,0.12040235937552941,2.1028002062685345,-0.7501633808972655,0.0,-0.28015074233403564,-0.035444060250416784,-0.25871684190211097,0
-0.06224373083343811,-1.076734032297137,-0.06089494691120214,-1.3476848359171851,-0.3523045227183234,0.06681164392828849,2.1028002062685345,-0.7501633808972655,0.0,-0.28015074233403564,-0.035444060250416784,3.865229618017538,0
-0.03431797207741481,-0.7966026127070837,0.0,-1.3476848359171851,-0.3523045227183234,0.12040235937552941,2.1028002062685345,-0.7501633808972655,0.0,-0.28015074233403564,-0.035444060250416784,3.865229618017538,0
-0.06224373083343811,-1.0317746686592275,-0.07708518533936462,-1.3476848359171851,-0.3523045227183234,0.17399307482277035,2.1028002062685345,-0.7501633808972655,0.0,-0.28015074233403564,-0.035444060250416784,-0.25871684190211097,0
-0.06224373083343811,-1.9198046416654817e-16,-0.12565590062385207,-1.3476848359171851,-0.3523045227183234,0.0,2.1028002062685345,-0.7501633808972655,0.0,-0.28015074233403564,-0.035444060250416784,-0.25871684190211097,0
-0.06224373083343811,-1.1044013329973894,0.020056245229610258,0.7420132462345592,-0.3523045227183234,0.17399307482277035,2.1028002062685345,-0.7501633808972655,0.0,-0.28015074233403564,-0.035444060250416784,-0.25871684190211097,0
-0.06224373083343811,-0.9868153050213175,-0.12565590062385207,-1.3476848359171851,-0.3523045227183234,-0.0135744292425729,2.1028002062685345,-0.7501633808972655,0.0,-0.28015074233403564,-0.035444060250416784,-0.25871684190211097,0
-0.06224373083343811,-1.2150705357983982,-0.07708518533936462,-1.3476848359171851,-0.3523045227183234,0.5223327252298363,2.1028002062685345,-0.7501633808972655,0.0,-0.28015074233403564,-0.035444060250416784,-0.25871684190211097,0
-0.06224373083343811,-1.0525251441844163,-0.0932754237675271,-1.3476848359171851,-0.3523045227183234,-0.22793729103153662,2.1028002062685345,-0.7501633808972655,0.0,-0.28015074233403564,-0.035444060250416784,-0.25871684190211097,0
-0.06224373083343811,-0.8657708644577142,0.020056245229610258,-1.3476848359171851,-0.3523045227183234,0.3615605788881136,-0.4755563543407302,-0.7501633808972655,0.0,-0.28015074233403564,-0.035444060250416784,3.865229618017538,0
-0.06224373083343811,0.2755052894276889,0.052436722085935215,0.7420132462345592,-0.3523045227183234,0.17399307482277035,2.1028002062685345,-0.7501633808972655,0.0,-0.28015074233403564,-0.035444060250416784,-0.25871684190211097,1
-0.06224373083343811,-0.35046738891551704,-0.15803637748017701,0.7420132462345592,-0.3523045227183234,-0.22793729103153662,-0.4755563543407302,-0.7501633808972655,0.0,-0.28015074233403564,-0.035444060250416784,-0.25871684190211097,1
-0.06224373083343811,-0.025376605687553597,-0.07708518533936462,0.7420132462345592,-0.3523045227183234,-0.09396050241343429,2.1028002062685345,-0.7501633808972655,0.0,-0.28015074233403564,-0.035444060250416784,-0.25871684190211097,1
-0.06224373083343811,-1.1078597455849208,-0.0123242316267147,0.7420132462345592,-0.3523045227183234,-0.22793729103153662,-0.4755563543407302,1.3330429416641303,0.0,-0.28015074233403564,-0.035444060250416784,-0.25871684190211097,1
-0.006392213321391517,-0.04958549380027429,-0.07708518533936462,0.7420132462345592,2.838453484173765,0.3079698634408727,-0.4755563543407302,-0.7501633808972655,0.0,-0.28015074233403564,-0.035444060250416784,-0.25871684190211097,1
-0.06224373083343811,-0.5026375427669041,-0.10946566219568958,-1.3476848359171851,-0.3523045227183234,-0.22793729103153662,-0.4755563543407302,-0.7501633808972655,0.0,-0.28015074233403564,-0.035444060250416784,-0.25871684190211097,1
-0.06224373083343811,-0.2709238994022919,0.052436722085935215,0.7420132462345592,-0.3523045227183234,-0.22793729103153662,-0.4755563543407302,-0.7501633808972655,0.0,-0.28015074233403564,-0.035444060250416784,-0.25871684190211097,1
-0.06224373083343811,-1.0456083190093532,0.036246483657772735,-1.3476848359171851,-0.3523045227183234,0.2811745057172522,-0.4755563543407302,-0.7501633808972655,0.0,-0.28015074233403564,-0.035444060250416784,-0.25871684190211097,1
-0.06224373083343811,0.07145894676332899,-0.0123242316267147,0.7420132462345592,-0.3523045227183234,-0.12075586013705475,-0.4755563543407302,1.3330429416641303,0.0,-0.28015074233403564,-0.035444060250416784,-0.25871684190211097,1
-0.06224373083343811,-1.9198046416654817e-16,-0.0932754237675271,0.7420132462345592,-0.3523045227183234,-0.09396050241343429,-0.4755563543407302,-0.7501633808972655,0.0,-0.28015074233403564,-0.035444060250416784,-0.25871684190211097,1
-0.06224373083343811,-1.1666527595729568,0.052436722085935215,-1.3476848359171851,2.838453484173765,0.013220928481047563,-0.4755563543407302,1.3330429416641303,0.0,-0.28015074233403564,-0.035444060250416784,-0.25871684190211097,1
